date,views
2015-07-01,80000000
2015-07-02,79992000
2015-07-03,79984000
2015-07-04,79976000
2015-07-05,79968000
2015-07-06,79960000
2015-07-07,79952000
2015-07-08,79944000
2015-07-09,79936000
2015-07-10,79928000
2015-07-11,79920000
2015-07-12,79912000
2015-07-13,79904000
2015-07-14,79896000
2015-07-15,79888000
2015-07-16,79880000
2015-07-17,79872000
2015-07-18,79864000
2015-07-19,79856000
2015-07-20,79848000
2015-07-21,79840000
2015-07-22,79832000
2015-07-23,79824000
2015-07-24,79816000
2015-07-25,79808000
2015-07-26,79800000
2015-07-27,79792000
2015-07-28,79784000
2015-07-29,79776000
2015-07-30,79768000
2015-07-31,79760000
2015-08-01,79752000
2015-08-02,79744000
2015-08-03,79736000
2015-08-04,79728000
2015-08-05,79720000
2015-08-06,79712000
2015-08-07,79704000
2015-08-08,79696000
2015-08-09,79688000
2015-08-10,79680000
2015-08-11,79672000
2015-08-12,79664000
2015-08-13,79656000
2015-08-14,79648000
2015-08-15,79640000
2015-08-16,79632000
2015-08-17,79624000
2015-08-18,79616000
2015-08-19,79608000
2015-08-20,79600000
2015-08-21,79592000
2015-08-22,79584000
2015-08-23,79576000
2015-08-24,79568000
2015-08-25,79560000
2015-08-26,79552000
2015-08-27,79544000
2015-08-28,79536000
2015-08-29,79528000
2015-08-30,79520000
2015-08-31,79512000
2015-09-01,79504000
2015-09-02,79496000
2015-09-03,79488000
2015-09-04,79480000
2015-09-05,79472000
2015-09-06,79464000
2015-09-07,79456000
2015-09-08,79448000
2015-09-09,79440000
2015-09-10,79432000
2015-09-11,79424000
2015-09-12,79416000
2015-09-13,79408000
2015-09-14,79400000
2015-09-15,79392000
2015-09-16,79384000
2015-09-17,79376000
2015-09-18,79368000
2015-09-19,79360000
2015-09-20,79352000
2015-09-21,79344000
2015-09-22,79336000
2015-09-23,79328000
2015-09-24,79320000
2015-09-25,79312000
2015-09-26,79304000
2015-09-27,79296000
2015-09-28,79288000
2015-09-29,79280000
2015-09-30,79272000
2015-10-01,79264000
2015-10-02,79256000
2015-10-03,79248000
2015-10-04,79240000
2015-10-05,79232000
2015-10-06,79224000
2015-10-07,79216000
2015-10-08,79208000
2015-10-09,79200000
2015-10-10,79192000
2015-10-11,79184000
2015-10-12,79176000
2015-10-13,79168000
2015-10-14,79160000
2015-10-15,79152000
2015-10-16,79144000
2015-10-17,79136000
2015-10-18,79128000
2015-10-19,79120000
2015-10-20,79112000
2015-10-21,79104000
2015-10-22,79096000
2015-10-23,79088000
2015-10-24,79080000
2015-10-25,79072000
2015-10-26,79064000
2015-10-27,79056000
2015-10-28,79048000
2015-10-29,79040000
2015-10-30,79032000
2015-10-31,79024000
2015-11-01,79016000
2015-11-02,79008000
2015-11-03,79000000
2015-11-04,78992000
2015-11-05,78984000
2015-11-06,78976000
2015-11-07,78968000
2015-11-08,78960000
2015-11-09,78952000
2015-11-10,78944000
2015-11-11,78936000
2015-11-12,78928000
2015-11-13,78920000
2015-11-14,78912000
2015-11-15,78904000
2015-11-16,78896000
2015-11-17,78888000
2015-11-18,78880000
2015-11-19,78872000
2015-11-20,78864000
2015-11-21,78856000
2015-11-22,78848000
2015-11-23,78840000
2015-11-24,78832000
2015-11-25,78824000
2015-11-26,78816000
2015-11-27,78808000
2015-11-28,78800000
2015-11-29,78792000
2015-11-30,78784000
2015-12-01,78776000
2015-12-02,78768000
2015-12-03,78760000
2015-12-04,78752000
2015-12-05,78744000
2015-12-06,78736000
2015-12-07,78728000
2015-12-08,78720000
2015-12-09,78712000
2015-12-10,78704000
2015-12-11,78696000
2015-12-12,78688000
2015-12-13,78680000
2015-12-14,78672000
2015-12-15,78664000
2015-12-16,78656000
2015-12-17,78648000
2015-12-18,78640000
2015-12-19,78632000
2015-12-20,78624000
2015-12-21,78616000
2015-12-22,78608000
2015-12-23,78600000
2015-12-24,78592000
2015-12-25,78584000
2015-12-26,78576000
2015-12-27,78568000
2015-12-28,78560000
2015-12-29,78552000
2015-12-30,78544000
2015-12-31,78536000
2016-01-01,78528000
2016-01-02,78520000
2016-01-03,78512000
2016-01-04,78504000
2016-01-05,78496000
2016-01-06,78488000
2016-01-07,78480000
2016-01-08,78472000
2016-01-09,78464000
2016-01-10,78456000
2016-01-11,78448000
2016-01-12,78440000
2016-01-13,78432000
2016-01-14,78424000
2016-01-15,78416000
2016-01-16,78408000
2016-01-17,78400000
2016-01-18,78392000
2016-01-19,78384000
2016-01-20,78376000
2016-01-21,78368000
2016-01-22,78360000
2016-01-23,78352000
2016-01-24,78344000
2016-01-25,78336000
2016-01-26,78328000
2016-01-27,78320000
2016-01-28,78312000
2016-01-29,78304000
2016-01-30,78296000
2016-01-31,78288000
2016-02-01,78280000
2016-02-02,78272000
2016-02-03,78264000
2016-02-04,78256000
2016-02-05,78248000
2016-02-06,78240000
2016-02-07,78232000
2016-02-08,78224000
2016-02-09,78216000
2016-02-10,78208000
2016-02-11,78200000
2016-02-12,78192000
2016-02-13,78184000
2016-02-14,78176000
2016-02-15,78168000
2016-02-16,78160000
2016-02-17,78152000
2016-02-18,78144000
2016-02-19,78136000
2016-02-20,78128000
2016-02-21,78120000
2016-02-22,78112000
2016-02-23,78104000
2016-02-24,78096000
2016-02-25,78088000
2016-02-26,78080000
2016-02-27,78072000
2016-02-28,78064000
2016-02-29,78056000
2016-03-01,78048000
2016-03-02,78040000
2016-03-03,78032000
2016-03-04,78024000
2016-03-05,78016000
2016-03-06,78008000
2016-03-07,78000000
2016-03-08,77992000
2016-03-09,77984000
2016-03-10,77976000
2016-03-11,77968000
2016-03-12,77960000
2016-03-13,77952000
2016-03-14,77944000
2016-03-15,77936000
2016-03-16,77928000
2016-03-17,77920000
2016-03-18,77912000
2016-03-19,77904000
2016-03-20,77896000
2016-03-21,77888000
2016-03-22,77880000
2016-03-23,77872000
2016-03-24,77864000
2016-03-25,77856000
2016-03-26,77848000
2016-03-27,77840000
2016-03-28,77832000
2016-03-29,77824000
2016-03-30,77816000
2016-03-31,77808000
2016-04-01,77800000
2016-04-02,77792000
2016-04-03,77784000
2016-04-04,77776000
2016-04-05,77768000
2016-04-06,77760000
2016-04-07,77752000
2016-04-08,77744000
2016-04-09,77736000
2016-04-10,77728000
2016-04-11,77720000
2016-04-12,77712000
2016-04-13,77704000
2016-04-14,77696000
2016-04-15,77688000
2016-04-16,77680000
2016-04-17,77672000
2016-04-18,77664000
2016-04-19,77656000
2016-04-20,77648000
2016-04-21,77640000
2016-04-22,77632000
2016-04-23,77624000
2016-04-24,77616000
2016-04-25,77608000
2016-04-26,77600000
2016-04-27,77592000
2016-04-28,77584000
2016-04-29,77576000
2016-04-30,77568000
2016-05-01,77560000
2016-05-02,77552000
2016-05-03,77544000
2016-05-04,77536000
2016-05-05,77528000
2016-05-06,77520000
2016-05-07,77512000
2016-05-08,77504000
2016-05-09,77496000
2016-05-10,77488000
2016-05-11,77480000
2016-05-12,77472000
2016-05-13,77464000
2016-05-14,77456000
2016-05-15,77448000
2016-05-16,77440000
2016-05-17,77432000
2016-05-18,77424000
2016-05-19,77416000
2016-05-20,77408000
2016-05-21,77400000
2016-05-22,77392000
2016-05-23,77384000
2016-05-24,77376000
2016-05-25,77368000
2016-05-26,77360000
2016-05-27,77352000
2016-05-28,77344000
2016-05-29,77336000
2016-05-30,77328000
2016-05-31,77320000
2016-06-01,77312000
2016-06-02,77304000
2016-06-03,77296000
2016-06-04,77288000
2016-06-05,77280000
2016-06-06,77272000
2016-06-07,77264000
2016-06-08,77256000
2016-06-09,77248000
2016-06-10,77240000
2016-06-11,77232000
2016-06-12,77224000
2016-06-13,77216000
2016-06-14,77208000
2016-06-15,77200000
2016-06-16,77192000
2016-06-17,77184000
2016-06-18,77176000
2016-06-19,77168000
2016-06-20,77160000
2016-06-21,77152000
2016-06-22,77144000
2016-06-23,77136000
2016-06-24,77128000
2016-06-25,77120000
2016-06-26,77112000
2016-06-27,77104000
2016-06-28,77096000
2016-06-29,77088000
2016-06-30,77080000
2016-07-01,77072000
2016-07-02,77064000
2016-07-03,77056000
2016-07-04,77048000
2016-07-05,77040000
2016-07-06,77032000
2016-07-07,77024000
2016-07-08,77016000
2016-07-09,77008000
2016-07-10,77000000
2016-07-11,76992000
2016-07-12,76984000
2016-07-13,76976000
2016-07-14,76968000
2016-07-15,76960000
2016-07-16,76952000
2016-07-17,76944000
2016-07-18,76936000
2016-07-19,76928000
2016-07-20,76920000
2016-07-21,76912000
2016-07-22,76904000
2016-07-23,76896000
2016-07-24,76888000
2016-07-25,76880000
2016-07-26,76872000
2016-07-27,76864000
2016-07-28,76856000
2016-07-29,76848000
2016-07-30,76840000
2016-07-31,76832000
2016-08-01,76824000
2016-08-02,76816000
2016-08-03,76808000
2016-08-04,76800000
2016-08-05,76792000
2016-08-06,76784000
2016-08-07,76776000
2016-08-08,76768000
2016-08-09,76760000
2016-08-10,76752000
2016-08-11,76744000
2016-08-12,76736000
2016-08-13,76728000
2016-08-14,76720000
2016-08-15,76712000
2016-08-16,76704000
2016-08-17,76696000
2016-08-18,76688000
2016-08-19,76680000
2016-08-20,76672000
2016-08-21,76664000
2016-08-22,76656000
2016-08-23,76648000
2016-08-24,76640000
2016-08-25,76632000
2016-08-26,76624000
2016-08-27,76616000
2016-08-28,76608000
2016-08-29,76600000
2016-08-30,76592000
2016-08-31,76584000
2016-09-01,76576000
2016-09-02,76568000
2016-09-03,76560000
2016-09-04,76552000
2016-09-05,76544000
2016-09-06,76536000
2016-09-07,76528000
2016-09-08,76520000
2016-09-09,76512000
2016-09-10,76504000
2016-09-11,76496000
2016-09-12,76488000
2016-09-13,76480000
2016-09-14,76472000
2016-09-15,76464000
2016-09-16,76456000
2016-09-17,76448000
2016-09-18,76440000
2016-09-19,76432000
2016-09-20,76424000
2016-09-21,76416000
2016-09-22,76408000
2016-09-23,76400000
2016-09-24,76392000
2016-09-25,76384000
2016-09-26,76376000
2016-09-27,76368000
2016-09-28,76360000
2016-09-29,76352000
2016-09-30,76344000
2016-10-01,76336000
2016-10-02,76328000
2016-10-03,76320000
2016-10-04,76312000
2016-10-05,76304000
2016-10-06,76296000
2016-10-07,76288000
2016-10-08,76280000
2016-10-09,76272000
2016-10-10,76264000
2016-10-11,76256000
2016-10-12,76248000
2016-10-13,76240000
2016-10-14,76232000
2016-10-15,76224000
2016-10-16,76216000
2016-10-17,76208000
2016-10-18,76200000
2016-10-19,76192000
2016-10-20,76184000
2016-10-21,76176000
2016-10-22,76168000
2016-10-23,76160000
2016-10-24,76152000
2016-10-25,76144000
2016-10-26,76136000
2016-10-27,76128000
2016-10-28,76120000
2016-10-29,76112000
2016-10-30,76104000
2016-10-31,76096000
2016-11-01,76088000
2016-11-02,76080000
2016-11-03,76072000
2016-11-04,76064000
2016-11-05,76056000
2016-11-06,76048000
2016-11-07,76040000
2016-11-08,76032000
2016-11-09,76024000
2016-11-10,76016000
2016-11-11,76008000
2016-11-12,76000000
2016-11-13,75992000
2016-11-14,75984000
2016-11-15,75976000
2016-11-16,75968000
2016-11-17,75960000
2016-11-18,75952000
2016-11-19,75944000
2016-11-20,75936000
2016-11-21,75928000
2016-11-22,75920000
2016-11-23,75912000
2016-11-24,75904000
2016-11-25,75896000
2016-11-26,75888000
2016-11-27,75880000
2016-11-28,75872000
2016-11-29,75864000
2016-11-30,75856000
2016-12-01,75848000
2016-12-02,75840000
2016-12-03,75832000
2016-12-04,75824000
2016-12-05,75816000
2016-12-06,75808000
2016-12-07,75800000
2016-12-08,75792000
2016-12-09,75784000
2016-12-10,75776000
2016-12-11,75768000
2016-12-12,75760000
2016-12-13,75752000
2016-12-14,75744000
2016-12-15,75736000
2016-12-16,75728000
2016-12-17,75720000
2016-12-18,75712000
2016-12-19,75704000
2016-12-20,75696000
2016-12-21,75688000
2016-12-22,75680000
2016-12-23,75672000
2016-12-24,75664000
2016-12-25,75656000
2016-12-26,75648000
2016-12-27,75640000
2016-12-28,75632000
2016-12-29,75624000
2016-12-30,75616000
2016-12-31,75608000
2017-01-01,75600000
2017-01-02,75592000
2017-01-03,75584000
2017-01-04,75576000
2017-01-05,75568000
2017-01-06,75560000
2017-01-07,75552000
2017-01-08,75544000
2017-01-09,75536000
2017-01-10,75528000
2017-01-11,75520000
2017-01-12,75512000
2017-01-13,75504000
2017-01-14,75496000
2017-01-15,75488000
2017-01-16,75480000
2017-01-17,75472000
2017-01-18,75464000
2017-01-19,75456000
2017-01-20,75448000
2017-01-21,75440000
2017-01-22,75432000
2017-01-23,75424000
2017-01-24,75416000
2017-01-25,75408000
2017-01-26,75400000
2017-01-27,75392000
2017-01-28,75384000
2017-01-29,75376000
2017-01-30,75368000
2017-01-31,75360000
2017-02-01,75352000
2017-02-02,75344000
2017-02-03,75336000
2017-02-04,75328000
2017-02-05,75320000
2017-02-06,75312000
2017-02-07,75304000
2017-02-08,75296000
2017-02-09,75288000
2017-02-10,75280000
2017-02-11,75272000
2017-02-12,75264000
2017-02-13,75256000
2017-02-14,75248000
2017-02-15,75240000
2017-02-16,75232000
2017-02-17,75224000
2017-02-18,75216000
2017-02-19,75208000
2017-02-20,75200000
2017-02-21,75192000
2017-02-22,75184000
2017-02-23,75176000
2017-02-24,75168000
2017-02-25,75160000
2017-02-26,75152000
2017-02-27,75144000
2017-02-28,75136000
2017-03-01,75128000
2017-03-02,75120000
2017-03-03,75112000
2017-03-04,75104000
2017-03-05,75096000
2017-03-06,75088000
2017-03-07,75080000
2017-03-08,75072000
2017-03-09,75064000
2017-03-10,75056000
2017-03-11,75048000
2017-03-12,75040000
2017-03-13,75032000
2017-03-14,75024000
2017-03-15,75016000
2017-03-16,75008000
2017-03-17,75000000
2017-03-18,74992000
2017-03-19,74984000
2017-03-20,74976000
2017-03-21,74968000
2017-03-22,74960000
2017-03-23,74952000
2017-03-24,74944000
2017-03-25,74936000
2017-03-26,74928000
2017-03-27,74920000
2017-03-28,74912000
2017-03-29,74904000
2017-03-30,74896000
2017-03-31,74888000
2017-04-01,74880000
2017-04-02,74872000
2017-04-03,74864000
2017-04-04,74856000
2017-04-05,74848000
2017-04-06,74840000
2017-04-07,74832000
2017-04-08,74824000
2017-04-09,74816000
2017-04-10,74808000
2017-04-11,74800000
2017-04-12,74792000
2017-04-13,74784000
2017-04-14,74776000
2017-04-15,74768000
2017-04-16,74760000
2017-04-17,74752000
2017-04-18,74744000
2017-04-19,74736000
2017-04-20,74728000
2017-04-21,74720000
2017-04-22,74712000
2017-04-23,74704000
2017-04-24,74696000
2017-04-25,74688000
2017-04-26,74680000
2017-04-27,74672000
2017-04-28,74664000
2017-04-29,74656000
2017-04-30,74648000
2017-05-01,74640000
2017-05-02,74632000
2017-05-03,74624000
2017-05-04,74616000
2017-05-05,74608000
2017-05-06,74600000
2017-05-07,74592000
2017-05-08,74584000
2017-05-09,74576000
2017-05-10,74568000
2017-05-11,74560000
2017-05-12,74552000
2017-05-13,74544000
2017-05-14,74536000
2017-05-15,74528000
2017-05-16,74520000
2017-05-17,74512000
2017-05-18,74504000
2017-05-19,74496000
2017-05-20,74488000
2017-05-21,74480000
2017-05-22,74472000
2017-05-23,74464000
2017-05-24,74456000
2017-05-25,74448000
2017-05-26,74440000
2017-05-27,74432000
2017-05-28,74424000
2017-05-29,74416000
2017-05-30,74408000
2017-05-31,74400000
2017-06-01,74392000
2017-06-02,74384000
2017-06-03,74376000
2017-06-04,74368000
2017-06-05,74360000
2017-06-06,74352000
2017-06-07,74344000
2017-06-08,74336000
2017-06-09,74328000
2017-06-10,74320000
2017-06-11,74312000
2017-06-12,74304000
2017-06-13,74296000
2017-06-14,74288000
2017-06-15,74280000
2017-06-16,74272000
2017-06-17,74264000
2017-06-18,74256000
2017-06-19,74248000
2017-06-20,74240000
2017-06-21,74232000
2017-06-22,74224000
2017-06-23,74216000
2017-06-24,74208000
2017-06-25,74200000
2017-06-26,74192000
2017-06-27,74184000
2017-06-28,74176000
2017-06-29,74168000
2017-06-30,74160000
2017-07-01,74152000
2017-07-02,74144000
2017-07-03,74136000
2017-07-04,74128000
2017-07-05,74120000
2017-07-06,74112000
2017-07-07,74104000
2017-07-08,74096000
2017-07-09,74088000
2017-07-10,74080000
2017-07-11,74072000
2017-07-12,74064000
2017-07-13,74056000
2017-07-14,74048000
2017-07-15,74040000
2017-07-16,74032000
2017-07-17,74024000
2017-07-18,74016000
2017-07-19,74008000
2017-07-20,74000000
2017-07-21,73992000
2017-07-22,73984000
2017-07-23,73976000
2017-07-24,73968000
2017-07-25,73960000
2017-07-26,73952000
2017-07-27,73944000
2017-07-28,73936000
2017-07-29,73928000
2017-07-30,73920000
2017-07-31,73912000
2017-08-01,73904000
2017-08-02,73896000
2017-08-03,73888000
2017-08-04,73880000
2017-08-05,73872000
2017-08-06,73864000
2017-08-07,73856000
2017-08-08,73848000
2017-08-09,73840000
2017-08-10,73832000
2017-08-11,73824000
2017-08-12,73816000
2017-08-13,73808000
2017-08-14,73800000
2017-08-15,73792000
2017-08-16,73784000
2017-08-17,73776000
2017-08-18,73768000
2017-08-19,73760000
2017-08-20,73752000
2017-08-21,73744000
2017-08-22,73736000
2017-08-23,73728000
2017-08-24,73720000
2017-08-25,73712000
2017-08-26,73704000
2017-08-27,73696000
2017-08-28,73688000
2017-08-29,73680000
2017-08-30,73672000
2017-08-31,73664000
2017-09-01,73656000
2017-09-02,73648000
2017-09-03,73640000
2017-09-04,73632000
2017-09-05,73624000
2017-09-06,73616000
2017-09-07,73608000
2017-09-08,73600000
2017-09-09,73592000
2017-09-10,73584000
2017-09-11,73576000
2017-09-12,73568000
2017-09-13,73560000
2017-09-14,73552000
2017-09-15,73544000
2017-09-16,73536000
2017-09-17,73528000
2017-09-18,73520000
2017-09-19,73512000
2017-09-20,73504000
2017-09-21,73496000
2017-09-22,73488000
2017-09-23,73480000
2017-09-24,73472000
2017-09-25,73464000
2017-09-26,73456000
2017-09-27,73448000
2017-09-28,73440000
2017-09-29,73432000
2017-09-30,73424000
2017-10-01,73416000
2017-10-02,73408000
2017-10-03,73400000
2017-10-04,73392000
2017-10-05,73384000
2017-10-06,73376000
2017-10-07,73368000
2017-10-08,73360000
2017-10-09,73352000
2017-10-10,73344000
2017-10-11,73336000
2017-10-12,73328000
2017-10-13,73320000
2017-10-14,73312000
2017-10-15,73304000
2017-10-16,73296000
2017-10-17,73288000
2017-10-18,73280000
2017-10-19,73272000
2017-10-20,73264000
2017-10-21,73256000
2017-10-22,73248000
2017-10-23,73240000
2017-10-24,73232000
2017-10-25,73224000
2017-10-26,73216000
2017-10-27,73208000
2017-10-28,73200000
2017-10-29,73192000
2017-10-30,73184000
2017-10-31,73176000
2017-11-01,73168000
2017-11-02,73160000
2017-11-03,73152000
2017-11-04,73144000
2017-11-05,73136000
2017-11-06,73128000
2017-11-07,73120000
2017-11-08,73112000
2017-11-09,73104000
2017-11-10,73096000
2017-11-11,73088000
2017-11-12,73080000
2017-11-13,73072000
2017-11-14,73064000
2017-11-15,73056000
2017-11-16,73048000
2017-11-17,73040000
2017-11-18,73032000
2017-11-19,73024000
2017-11-20,73016000
2017-11-21,73008000
2017-11-22,73000000
2017-11-23,72992000
2017-11-24,72984000
2017-11-25,72976000
2017-11-26,72968000
2017-11-27,72960000
2017-11-28,72952000
2017-11-29,72944000
2017-11-30,72936000
2017-12-01,72928000
2017-12-02,72920000
2017-12-03,72912000
2017-12-04,72904000
2017-12-05,72896000
2017-12-06,72888000
2017-12-07,72880000
2017-12-08,72872000
2017-12-09,72864000
2017-12-10,72856000
2017-12-11,72848000
2017-12-12,72840000
2017-12-13,72832000
2017-12-14,72824000
2017-12-15,72816000
2017-12-16,72808000
2017-12-17,72800000
2017-12-18,72792000
2017-12-19,72784000
2017-12-20,72776000
2017-12-21,72768000
2017-12-22,72760000
2017-12-23,72752000
2017-12-24,72744000
2017-12-25,72736000
2017-12-26,72728000
2017-12-27,72720000
2017-12-28,72712000
2017-12-29,72704000
2017-12-30,72696000
2017-12-31,72688000
2018-01-01,72680000
2018-01-02,72672000
2018-01-03,72664000
2018-01-04,72656000
2018-01-05,72648000
2018-01-06,72640000
2018-01-07,72632000
2018-01-08,72624000
2018-01-09,72616000
2018-01-10,72608000
2018-01-11,72600000
2018-01-12,72592000
2018-01-13,72584000
2018-01-14,72576000
2018-01-15,72568000
2018-01-16,72560000
2018-01-17,72552000
2018-01-18,72544000
2018-01-19,72536000
2018-01-20,72528000
2018-01-21,72520000
2018-01-22,72512000
2018-01-23,72504000
2018-01-24,72496000
2018-01-25,72488000
2018-01-26,72480000
2018-01-27,72472000
2018-01-28,72464000
2018-01-29,72456000
2018-01-30,72448000
2018-01-31,72440000
2018-02-01,72432000
2018-02-02,72424000
2018-02-03,72416000
2018-02-04,72408000
2018-02-05,72400000
2018-02-06,72392000
2018-02-07,72384000
2018-02-08,72376000
2018-02-09,72368000
2018-02-10,72360000
2018-02-11,72352000
2018-02-12,72344000
2018-02-13,72336000
2018-02-14,72328000
2018-02-15,72320000
2018-02-16,72312000
2018-02-17,72304000
2018-02-18,72296000
2018-02-19,72288000
2018-02-20,72280000
2018-02-21,72272000
2018-02-22,72264000
2018-02-23,72256000
2018-02-24,72248000
2018-02-25,72240000
2018-02-26,72232000
2018-02-27,72224000
2018-02-28,72216000
2018-03-01,72208000
2018-03-02,72200000
2018-03-03,72192000
2018-03-04,72184000
2018-03-05,72176000
2018-03-06,72168000
2018-03-07,72160000
2018-03-08,72152000
2018-03-09,72144000
2018-03-10,72136000
2018-03-11,72128000
2018-03-12,72120000
2018-03-13,72112000
2018-03-14,72104000
2018-03-15,72096000
2018-03-16,72088000
2018-03-17,72080000
2018-03-18,72072000
2018-03-19,72064000
2018-03-20,72056000
2018-03-21,72048000
2018-03-22,72040000
2018-03-23,72032000
2018-03-24,72024000
2018-03-25,72016000
2018-03-26,72008000
2018-03-27,72000000
2018-03-28,71992000
2018-03-29,71984000
2018-03-30,71976000
2018-03-31,71968000
2018-04-01,71960000
2018-04-02,71952000
2018-04-03,71944000
2018-04-04,71936000
2018-04-05,71928000
2018-04-06,71920000
2018-04-07,71912000
2018-04-08,71904000
2018-04-09,71896000
2018-04-10,71888000
2018-04-11,71880000
2018-04-12,71872000
2018-04-13,71864000
2018-04-14,71856000
2018-04-15,71848000
2018-04-16,71840000
2018-04-17,71832000
2018-04-18,71824000
2018-04-19,71816000
2018-04-20,71808000
2018-04-21,71800000
2018-04-22,71792000
2018-04-23,71784000
2018-04-24,71776000
2018-04-25,71768000
2018-04-26,71760000
2018-04-27,71752000
2018-04-28,71744000
2018-04-29,71736000
2018-04-30,71728000
2018-05-01,71720000
2018-05-02,71712000
2018-05-03,71704000
2018-05-04,71696000
2018-05-05,71688000
2018-05-06,71680000
2018-05-07,71672000
2018-05-08,71664000
2018-05-09,71656000
2018-05-10,71648000
2018-05-11,71640000
2018-05-12,71632000
2018-05-13,71624000
2018-05-14,71616000
2018-05-15,71608000
2018-05-16,71600000
2018-05-17,71592000
2018-05-18,71584000
2018-05-19,71576000
2018-05-20,71568000
2018-05-21,71560000
2018-05-22,71552000
2018-05-23,71544000
2018-05-24,71536000
2018-05-25,71528000
2018-05-26,71520000
2018-05-27,71512000
2018-05-28,71504000
2018-05-29,71496000
2018-05-30,71488000
2018-05-31,71480000
2018-06-01,71472000
2018-06-02,71464000
2018-06-03,71456000
2018-06-04,71448000
2018-06-05,71440000
2018-06-06,71432000
2018-06-07,71424000
2018-06-08,71416000
2018-06-09,71408000
2018-06-10,71400000
2018-06-11,71392000
2018-06-12,71384000
2018-06-13,71376000
2018-06-14,71368000
2018-06-15,71360000
2018-06-16,71352000
2018-06-17,71344000
2018-06-18,71336000
2018-06-19,71328000
2018-06-20,71320000
2018-06-21,71312000
2018-06-22,71304000
2018-06-23,71296000
2018-06-24,71288000
2018-06-25,71280000
2018-06-26,71272000
2018-06-27,71264000
2018-06-28,71256000
2018-06-29,71248000
2018-06-30,71240000
2018-07-01,71232000
2018-07-02,71224000
2018-07-03,71216000
2018-07-04,71208000
2018-07-05,71200000
2018-07-06,71192000
2018-07-07,71184000
2018-07-08,71176000
2018-07-09,71168000
2018-07-10,71160000
2018-07-11,71152000
2018-07-12,71144000
2018-07-13,71136000
2018-07-14,71128000
2018-07-15,71120000
2018-07-16,71112000
2018-07-17,71104000
2018-07-18,71096000
2018-07-19,71088000
2018-07-20,71080000
2018-07-21,71072000
2018-07-22,71064000
2018-07-23,71056000
2018-07-24,71048000
2018-07-25,71040000
2018-07-26,71032000
2018-07-27,71024000
2018-07-28,71016000
2018-07-29,71008000
2018-07-30,71000000
2018-07-31,70992000
2018-08-01,70984000
2018-08-02,70976000
2018-08-03,70968000
2018-08-04,70960000
2018-08-05,70952000
2018-08-06,70944000
2018-08-07,70936000
2018-08-08,70928000
2018-08-09,70920000
2018-08-10,70912000
2018-08-11,70904000
2018-08-12,70896000
2018-08-13,70888000
2018-08-14,70880000
2018-08-15,70872000
2018-08-16,70864000
2018-08-17,70856000
2018-08-18,70848000
2018-08-19,70840000
2018-08-20,70832000
2018-08-21,70824000
2018-08-22,70816000
2018-08-23,70808000
2018-08-24,70800000
2018-08-25,70792000
2018-08-26,70784000
2018-08-27,70776000
2018-08-28,70768000
2018-08-29,70760000
2018-08-30,70752000
2018-08-31,70744000
2018-09-01,70736000
2018-09-02,70728000
2018-09-03,70720000
2018-09-04,70712000
2018-09-05,70704000
2018-09-06,70696000
2018-09-07,70688000
2018-09-08,70680000
2018-09-09,70672000
2018-09-10,70664000
2018-09-11,70656000
2018-09-12,70648000
2018-09-13,70640000
2018-09-14,70632000
2018-09-15,70624000
2018-09-16,70616000
2018-09-17,70608000
2018-09-18,70600000
2018-09-19,70592000
2018-09-20,70584000
2018-09-21,70576000
2018-09-22,70568000
2018-09-23,70560000
2018-09-24,70552000
2018-09-25,70544000
2018-09-26,70536000
2018-09-27,70528000
2018-09-28,70520000
2018-09-29,70512000
2018-09-30,70504000
2018-10-01,70496000
2018-10-02,70488000
2018-10-03,70480000
2018-10-04,70472000
2018-10-05,70464000
2018-10-06,70456000
2018-10-07,70448000
2018-10-08,70440000
2018-10-09,70432000
2018-10-10,70424000
2018-10-11,70416000
2018-10-12,70408000
2018-10-13,70400000
2018-10-14,70392000
2018-10-15,70384000
2018-10-16,70376000
2018-10-17,70368000
2018-10-18,70360000
2018-10-19,70352000
2018-10-20,70344000
2018-10-21,70336000
2018-10-22,70328000
2018-10-23,70320000
2018-10-24,70312000
2018-10-25,70304000
2018-10-26,70296000
2018-10-27,70288000
2018-10-28,70280000
2018-10-29,70272000
2018-10-30,70264000
2018-10-31,70256000
2018-11-01,70248000
2018-11-02,70240000
2018-11-03,70232000
2018-11-04,70224000
2018-11-05,70216000
2018-11-06,70208000
2018-11-07,70200000
2018-11-08,70192000
2018-11-09,70184000
2018-11-10,70176000
2018-11-11,70168000
2018-11-12,70160000
2018-11-13,70152000
2018-11-14,70144000
2018-11-15,70136000
2018-11-16,70128000
2018-11-17,70120000
2018-11-18,70112000
2018-11-19,70104000
2018-11-20,70096000
2018-11-21,70088000
2018-11-22,70080000
2018-11-23,70072000
2018-11-24,70064000
2018-11-25,70056000
2018-11-26,70048000
2018-11-27,70040000
2018-11-28,70032000
2018-11-29,70024000
2018-11-30,70016000
2018-12-01,70008000
2018-12-02,70000000
2018-12-03,69992000
2018-12-04,69984000
2018-12-05,69976000
2018-12-06,69968000
2018-12-07,69960000
2018-12-08,69952000
2018-12-09,69944000
2018-12-10,69936000
2018-12-11,69928000
2018-12-12,69920000
2018-12-13,69912000
2018-12-14,69904000
2018-12-15,69896000
2018-12-16,69888000
2018-12-17,69880000
2018-12-18,69872000
2018-12-19,69864000
2018-12-20,69856000
2018-12-21,69848000
2018-12-22,69840000
2018-12-23,69832000
2018-12-24,69824000
2018-12-25,69816000
2018-12-26,69808000
2018-12-27,69800000
2018-12-28,69792000
2018-12-29,69784000
2018-12-30,69776000
2018-12-31,69768000
2019-01-01,69760000
2019-01-02,69752000
2019-01-03,69744000
2019-01-04,69736000
2019-01-05,69728000
2019-01-06,69720000
2019-01-07,69712000
2019-01-08,69704000
2019-01-09,69696000
2019-01-10,69688000
2019-01-11,69680000
2019-01-12,69672000
2019-01-13,69664000
2019-01-14,69656000
2019-01-15,69648000
2019-01-16,69640000
2019-01-17,69632000
2019-01-18,69624000
2019-01-19,69616000
2019-01-20,69608000
2019-01-21,69600000
2019-01-22,69592000
2019-01-23,69584000
2019-01-24,69576000
2019-01-25,69568000
2019-01-26,69560000
2019-01-27,69552000
2019-01-28,69544000
2019-01-29,69536000
2019-01-30,69528000
2019-01-31,69520000
2019-02-01,69512000
2019-02-02,69504000
2019-02-03,69496000
2019-02-04,69488000
2019-02-05,69480000
2019-02-06,69472000
2019-02-07,69464000
2019-02-08,69456000
2019-02-09,69448000
2019-02-10,69440000
2019-02-11,69432000
2019-02-12,69424000
2019-02-13,69416000
2019-02-14,69408000
2019-02-15,69400000
2019-02-16,69392000
2019-02-17,69384000
2019-02-18,69376000
2019-02-19,69368000
2019-02-20,69360000
2019-02-21,69352000
2019-02-22,69344000
2019-02-23,69336000
2019-02-24,69328000
2019-02-25,69320000
2019-02-26,69312000
2019-02-27,69304000
2019-02-28,69296000
2019-03-01,69288000
2019-03-02,69280000
2019-03-03,69272000
2019-03-04,69264000
2019-03-05,69256000
2019-03-06,69248000
2019-03-07,69240000
2019-03-08,69232000
2019-03-09,69224000
2019-03-10,69216000
2019-03-11,69208000
2019-03-12,69200000
2019-03-13,69192000
2019-03-14,69184000
2019-03-15,69176000
2019-03-16,69168000
2019-03-17,69160000
2019-03-18,69152000
2019-03-19,69144000
2019-03-20,69136000
2019-03-21,69128000
2019-03-22,69120000
2019-03-23,69112000
2019-03-24,69104000
2019-03-25,69096000
2019-03-26,69088000
2019-03-27,69080000
2019-03-28,69072000
2019-03-29,69064000
2019-03-30,69056000
2019-03-31,69048000
2019-04-01,69040000
2019-04-02,69032000
2019-04-03,69024000
2019-04-04,69016000
2019-04-05,69008000
2019-04-06,69000000
2019-04-07,68992000
2019-04-08,68984000
2019-04-09,68976000
2019-04-10,68968000
2019-04-11,68960000
2019-04-12,68952000
2019-04-13,68944000
2019-04-14,68936000
2019-04-15,68928000
2019-04-16,68920000
2019-04-17,68912000
2019-04-18,68904000
2019-04-19,68896000
2019-04-20,68888000
2019-04-21,68880000
2019-04-22,68872000
2019-04-23,68864000
2019-04-24,68856000
2019-04-25,68848000
2019-04-26,68840000
2019-04-27,68832000
2019-04-28,68824000
2019-04-29,68816000
2019-04-30,68808000
2019-05-01,68800000
2019-05-02,68792000
2019-05-03,68784000
2019-05-04,68776000
2019-05-05,68768000
2019-05-06,68760000
2019-05-07,68752000
2019-05-08,68744000
2019-05-09,68736000
2019-05-10,68728000
2019-05-11,68720000
2019-05-12,68712000
2019-05-13,68704000
2019-05-14,68696000
2019-05-15,68688000
2019-05-16,68680000
2019-05-17,68672000
2019-05-18,68664000
2019-05-19,68656000
2019-05-20,68648000
2019-05-21,68640000
2019-05-22,68632000
2019-05-23,68624000
2019-05-24,68616000
2019-05-25,68608000
2019-05-26,68600000
2019-05-27,68592000
2019-05-28,68584000
2019-05-29,68576000
2019-05-30,68568000
2019-05-31,68560000
2019-06-01,68552000
2019-06-02,68544000
2019-06-03,68536000
2019-06-04,68528000
2019-06-05,68520000
2019-06-06,68512000
2019-06-07,68504000
2019-06-08,68496000
2019-06-09,68488000
2019-06-10,68480000
2019-06-11,68472000
2019-06-12,68464000
2019-06-13,68456000
2019-06-14,68448000
2019-06-15,68440000
2019-06-16,68432000
2019-06-17,68424000
2019-06-18,68416000
2019-06-19,68408000
2019-06-20,68400000
2019-06-21,68392000
2019-06-22,68384000
2019-06-23,68376000
2019-06-24,68368000
2019-06-25,68360000
2019-06-26,68352000
2019-06-27,68344000
2019-06-28,68336000
2019-06-29,68328000
2019-06-30,68320000
2019-07-01,68312000
2019-07-02,68304000
2019-07-03,68296000
2019-07-04,68288000
2019-07-05,68280000
2019-07-06,68272000
2019-07-07,68264000
2019-07-08,68256000
2019-07-09,68248000
2019-07-10,68240000
2019-07-11,68232000
2019-07-12,68224000
2019-07-13,68216000
2019-07-14,68208000
2019-07-15,68200000
2019-07-16,68192000
2019-07-17,68184000
2019-07-18,68176000
2019-07-19,68168000
2019-07-20,68160000
2019-07-21,68152000
2019-07-22,68144000
2019-07-23,68136000
2019-07-24,68128000
2019-07-25,68120000
2019-07-26,68112000
2019-07-27,68104000
2019-07-28,68096000
2019-07-29,68088000
2019-07-30,68080000
2019-07-31,68072000
2019-08-01,68064000
2019-08-02,68056000
2019-08-03,68048000
2019-08-04,68040000
2019-08-05,68032000
2019-08-06,68024000
2019-08-07,68016000
2019-08-08,68008000
2019-08-09,68000000
2019-08-10,67992000
2019-08-11,67984000
2019-08-12,67976000
2019-08-13,67968000
2019-08-14,67960000
2019-08-15,67952000
2019-08-16,67944000
2019-08-17,67936000
2019-08-18,67928000
2019-08-19,67920000
2019-08-20,67912000
2019-08-21,67904000
2019-08-22,67896000
2019-08-23,67888000
2019-08-24,67880000
2019-08-25,67872000
2019-08-26,67864000
2019-08-27,67856000
2019-08-28,67848000
2019-08-29,67840000
2019-08-30,67832000
2019-08-31,67824000
2019-09-01,67816000
2019-09-02,67808000
2019-09-03,67800000
2019-09-04,67792000
2019-09-05,67784000
2019-09-06,67776000
2019-09-07,67768000
2019-09-08,67760000
2019-09-09,67752000
2019-09-10,67744000
2019-09-11,67736000
2019-09-12,67728000
2019-09-13,67720000
2019-09-14,67712000
2019-09-15,67704000
2019-09-16,67696000
2019-09-17,67688000
2019-09-18,67680000
2019-09-19,67672000
2019-09-20,67664000
2019-09-21,67656000
2019-09-22,67648000
2019-09-23,67640000
2019-09-24,67632000
2019-09-25,67624000
2019-09-26,67616000
2019-09-27,67608000
2019-09-28,67600000
2019-09-29,67592000
2019-09-30,67584000
2019-10-01,67576000
2019-10-02,67568000
2019-10-03,67560000
2019-10-04,67552000
2019-10-05,67544000
2019-10-06,67536000
2019-10-07,67528000
2019-10-08,67520000
2019-10-09,67512000
2019-10-10,67504000
2019-10-11,67496000
2019-10-12,67488000
2019-10-13,67480000
2019-10-14,67472000
2019-10-15,67464000
2019-10-16,67456000
2019-10-17,67448000
2019-10-18,67440000
2019-10-19,67432000
2019-10-20,67424000
2019-10-21,67416000
2019-10-22,67408000
2019-10-23,67400000
2019-10-24,67392000
2019-10-25,67384000
2019-10-26,67376000
2019-10-27,67368000
2019-10-28,67360000
2019-10-29,67352000
2019-10-30,67344000
2019-10-31,67336000
2019-11-01,67328000
2019-11-02,67320000
2019-11-03,67312000
2019-11-04,67304000
2019-11-05,67296000
2019-11-06,67288000
2019-11-07,67280000
2019-11-08,67272000
2019-11-09,67264000
2019-11-10,67256000
2019-11-11,67248000
2019-11-12,67240000
2019-11-13,67232000
2019-11-14,67224000
2019-11-15,67216000
2019-11-16,67208000
2019-11-17,67200000
2019-11-18,67192000
2019-11-19,67184000
2019-11-20,67176000
2019-11-21,67168000
2019-11-22,67160000
2019-11-23,67152000
2019-11-24,67144000
2019-11-25,67136000
2019-11-26,67128000
2019-11-27,67120000
2019-11-28,67112000
2019-11-29,67104000
2019-11-30,67096000
2019-12-01,67088000
2019-12-02,67080000
2019-12-03,67072000
2019-12-04,67064000
2019-12-05,67056000
2019-12-06,67048000
2019-12-07,67040000
2019-12-08,67032000
2019-12-09,67024000
2019-12-10,67016000
2019-12-11,67008000
2019-12-12,67000000
2019-12-13,66992000
2019-12-14,66983999
2019-12-15,66975999
2019-12-16,66968000
2019-12-17,66960000
2019-12-18,66952000
2019-12-19,66944000
2019-12-20,66936000
2019-12-21,66928000
2019-12-22,66920000
2019-12-23,66912000
2019-12-24,66904000
2019-12-25,66896000
2019-12-26,66888000
2019-12-27,66880000
2019-12-28,66872000
2019-12-29,66864000
2019-12-30,66856000
2019-12-31,66848000
