date,article,views
2015-07-01,Tamagotchi,2070
2015-07-02,Tamagotchi,2172
2015-07-03,Tamagotchi,2068
2015-07-04,Tamagotchi,1757
2015-07-05,Tamagotchi,2193
2015-07-06,Tamagotchi,2095
2015-07-07,Tamagotchi,1899
2015-07-08,Tamagotchi,2125
2015-07-09,Tamagotchi,2080
2015-07-10,Tamagotchi,2067
2015-07-11,Tamagotchi,2013
2015-07-12,Tamagotchi,2121
2015-07-13,Tamagotchi,1866
2015-07-14,Tamagotchi,1977
2015-07-15,Tamagotchi,1916
2015-07-16,Tamagotchi,2136
2015-07-17,Tamagotchi,2020
2015-07-18,Tamagotchi,1955
2015-07-19,Tamagotchi,1862
2015-07-20,Tamagotchi,1964
2015-07-21,Tamagotchi,2017
2015-07-22,Tamagotchi,1961
2015-07-23,Tamagotchi,2296
2015-07-24,Tamagotchi,2232
2015-07-25,Tamagotchi,1539
2015-07-26,Tamagotchi,1672
2015-07-27,Tamagotchi,1985
2015-07-28,Tamagotchi,1938
2015-07-29,Tamagotchi,2066
2015-07-30,Tamagotchi,2067
2015-07-31,Tamagotchi,2501
2015-08-01,Tamagotchi,1811
2015-08-02,Tamagotchi,1950
2015-08-03,Tamagotchi,2485
2015-08-04,Tamagotchi,2162
2015-08-05,Tamagotchi,2167
2015-08-06,Tamagotchi,1927
2015-08-07,Tamagotchi,1721
2015-08-08,Tamagotchi,2064
2015-08-09,Tamagotchi,2053
2015-08-10,Tamagotchi,1797
2015-08-11,Tamagotchi,1898
2015-08-12,Tamagotchi,2019
2015-08-13,Tamagotchi,1850
2015-08-14,Tamagotchi,2015
2015-08-15,Tamagotchi,2055
2015-08-16,Tamagotchi,2044
2015-08-17,Tamagotchi,1937
2015-08-18,Tamagotchi,2163
2015-08-19,Tamagotchi,2229
2015-08-20,Tamagotchi,2106
2015-08-21,Tamagotchi,1880
2015-08-22,Tamagotchi,2196
2015-08-23,Tamagotchi,1942
2015-08-24,Tamagotchi,2230
2015-08-25,Tamagotchi,1836
2015-08-26,Tamagotchi,2240
2015-08-27,Tamagotchi,2041
2015-08-28,Tamagotchi,1806
2015-08-29,Tamagotchi,1983
2015-08-30,Tamagotchi,2059
2015-08-31,Tamagotchi,2105
2015-09-01,Tamagotchi,1857
2015-09-02,Tamagotchi,1835
2015-09-03,Tamagotchi,2092
2015-09-04,Tamagotchi,1958
2015-09-05,Tamagotchi,2101
2015-09-06,Tamagotchi,2215
2015-09-07,Tamagotchi,1742
2015-09-08,Tamagotchi,2108
2015-09-09,Tamagotchi,2323
2015-09-10,Tamagotchi,1996
2015-09-11,Tamagotchi,1897
2015-09-12,Tamagotchi,2219
2015-09-13,Tamagotchi,2112
2015-09-14,Tamagotchi,2253
2015-09-15,Tamagotchi,1990
2015-09-16,Tamagotchi,1777
2015-09-17,Tamagotchi,2039
2015-09-18,Tamagotchi,1973
2015-09-19,Tamagotchi,2230
2015-09-20,Tamagotchi,2105
2015-09-21,Tamagotchi,1754
2015-09-22,Tamagotchi,1833
2015-09-23,Tamagotchi,2258
2015-09-24,Tamagotchi,2213
2015-09-25,Tamagotchi,1940
2015-09-26,Tamagotchi,2069
2015-09-27,Tamagotchi,2164
2015-09-28,Tamagotchi,2170
2015-09-29,Tamagotchi,2261
2015-09-30,Tamagotchi,2126
2015-10-01,Tamagotchi,2054
2015-10-02,Tamagotchi,2021
2015-10-03,Tamagotchi,2306
2015-10-04,Tamagotchi,1657
2015-10-05,Tamagotchi,2048
2015-10-06,Tamagotchi,2084
2015-10-07,Tamagotchi,1802
2015-10-08,Tamagotchi,2149
2015-10-09,Tamagotchi,1948
2015-10-10,Tamagotchi,2268
2015-10-11,Tamagotchi,2055
2015-10-12,Tamagotchi,2226
2015-10-13,Tamagotchi,2353
2015-10-14,Tamagotchi,2165
2015-10-15,Tamagotchi,1909
2015-10-16,Tamagotchi,1792
2015-10-17,Tamagotchi,2486
2015-10-18,Tamagotchi,2064
2015-10-19,Tamagotchi,1949
2015-10-20,Tamagotchi,2119
2015-10-21,Tamagotchi,2049
2015-10-22,Tamagotchi,2276
2015-10-23,Tamagotchi,2098
2015-10-24,Tamagotchi,2094
2015-10-25,Tamagotchi,1948
2015-10-26,Tamagotchi,2194
2015-10-27,Tamagotchi,1888
2015-10-28,Tamagotchi,2239
2015-10-29,Tamagotchi,2441
2015-10-30,Tamagotchi,1800
2015-10-31,Tamagotchi,1639
2015-11-01,Tamagotchi,2231
2015-11-02,Tamagotchi,2708
2015-11-03,Tamagotchi,1899
2015-11-04,Tamagotchi,1853
2015-11-05,Tamagotchi,2229
2015-11-06,Tamagotchi,1932
2015-11-07,Tamagotchi,1999
2015-11-08,Tamagotchi,2032
2015-11-09,Tamagotchi,2219
2015-11-10,Tamagotchi,2021
2015-11-11,Tamagotchi,2165
2015-11-12,Tamagotchi,2070
2015-11-13,Tamagotchi,1937
2015-11-14,Tamagotchi,2042
2015-11-15,Tamagotchi,1918
2015-11-16,Tamagotchi,2111
2015-11-17,Tamagotchi,1886
2015-11-18,Tamagotchi,1893
2015-11-19,Tamagotchi,2444
2015-11-20,Tamagotchi,2102
2015-11-21,Tamagotchi,2103
2015-11-22,Tamagotchi,2226
2015-11-23,Tamagotchi,2028
2015-11-24,Tamagotchi,2068
2015-11-25,Tamagotchi,2209
2015-11-26,Tamagotchi,2179
2015-11-27,Tamagotchi,1887
2015-11-28,Tamagotchi,2304
2015-11-29,Tamagotchi,1999
2015-11-30,Tamagotchi,1908
2015-12-01,Tamagotchi,1939
2015-12-02,Tamagotchi,2041
2015-12-03,Tamagotchi,2499
2015-12-04,Tamagotchi,1889
2015-12-05,Tamagotchi,2159
2015-12-06,Tamagotchi,1717
2015-12-07,Tamagotchi,2126
2015-12-08,Tamagotchi,2328
2015-12-09,Tamagotchi,2079
2015-12-10,Tamagotchi,1999
2015-12-11,Tamagotchi,2180
2015-12-12,Tamagotchi,2285
2015-12-13,Tamagotchi,2278
2015-12-14,Tamagotchi,2597
2015-12-15,Tamagotchi,2178
2015-12-16,Tamagotchi,2011
2015-12-17,Tamagotchi,2108
2015-12-18,Tamagotchi,2120
2015-12-19,Tamagotchi,2160
2015-12-20,Tamagotchi,2131
2015-12-21,Tamagotchi,2175
2015-12-22,Tamagotchi,1810
2015-12-23,Tamagotchi,2325
2015-12-24,Tamagotchi,2021
2015-12-25,Tamagotchi,1904
2015-12-26,Tamagotchi,2283
2015-12-27,Tamagotchi,2444
2015-12-28,Tamagotchi,2252
2015-12-29,Tamagotchi,2179
2015-12-30,Tamagotchi,1954
2015-12-31,Tamagotchi,2860
2016-01-01,Tamagotchi,2344
2016-01-02,Tamagotchi,1916
2016-01-03,Tamagotchi,1987
2016-01-04,Tamagotchi,2168
2016-01-05,Tamagotchi,1840
2016-01-06,Tamagotchi,2187
2016-01-07,Tamagotchi,2055
2016-01-08,Tamagotchi,2433
2016-01-09,Tamagotchi,2371
2016-01-10,Tamagotchi,1642
2016-01-11,Tamagotchi,2164
2016-01-12,Tamagotchi,1834
2016-01-13,Tamagotchi,2409
2016-01-14,Tamagotchi,2194
2016-01-15,Tamagotchi,2280
2016-01-16,Tamagotchi,1941
2016-01-17,Tamagotchi,2593
2016-01-18,Tamagotchi,2644
2016-01-19,Tamagotchi,1943
2016-01-20,Tamagotchi,2244
2016-01-21,Tamagotchi,2022
2016-01-22,Tamagotchi,2158
2016-01-23,Tamagotchi,1907
2016-01-24,Tamagotchi,2610
2016-01-25,Tamagotchi,1966
2016-01-26,Tamagotchi,2103
2016-01-27,Tamagotchi,2279
2016-01-28,Tamagotchi,2032
2016-01-29,Tamagotchi,2118
2016-01-30,Tamagotchi,2051
2016-01-31,Tamagotchi,2142
2016-02-01,Tamagotchi,1932
2016-02-02,Tamagotchi,2079
2016-02-03,Tamagotchi,2129
2016-02-04,Tamagotchi,2103
2016-02-05,Tamagotchi,2187
2016-02-06,Tamagotchi,2113
2016-02-07,Tamagotchi,2347
2016-02-08,Tamagotchi,2108
2016-02-09,Tamagotchi,2148
2016-02-10,Tamagotchi,2039
2016-02-11,Tamagotchi,2068
2016-02-12,Tamagotchi,1921
2016-02-13,Tamagotchi,2297
2016-02-14,Tamagotchi,1946
2016-02-15,Tamagotchi,2026
2016-02-16,Tamagotchi,2263
2016-02-17,Tamagotchi,2274
2016-02-18,Tamagotchi,2099
2016-02-19,Tamagotchi,1786
2016-02-20,Tamagotchi,2281
2016-02-21,Tamagotchi,2245
2016-02-22,Tamagotchi,1900
2016-02-23,Tamagotchi,2364
2016-02-24,Tamagotchi,2042
2016-02-25,Tamagotchi,1957
2016-02-26,Tamagotchi,2213
2016-02-27,Tamagotchi,2154
2016-02-28,Tamagotchi,2238
2016-02-29,Tamagotchi,1868
2016-03-01,Tamagotchi,2631
2016-03-02,Tamagotchi,2067
2016-03-03,Tamagotchi,1883
2016-03-04,Tamagotchi,2337
2016-03-05,Tamagotchi,2121
2016-03-06,Tamagotchi,2271
2016-03-07,Tamagotchi,2126
2016-03-08,Tamagotchi,2187
2016-03-09,Tamagotchi,2256
2016-03-10,Tamagotchi,2043
2016-03-11,Tamagotchi,2357
2016-03-12,Tamagotchi,2102
2016-03-13,Tamagotchi,2021
2016-03-14,Tamagotchi,2222
2016-03-15,Tamagotchi,2306
2016-03-16,Tamagotchi,2157
2016-03-17,Tamagotchi,2025
2016-03-18,Tamagotchi,2350
2016-03-19,Tamagotchi,1852
2016-03-20,Tamagotchi,1993
2016-03-21,Tamagotchi,2219
2016-03-22,Tamagotchi,1930
2016-03-23,Tamagotchi,2219
2016-03-24,Tamagotchi,2201
2016-03-25,Tamagotchi,2422
2016-03-26,Tamagotchi,2021
2016-03-27,Tamagotchi,2081
2016-03-28,Tamagotchi,2291
2016-03-29,Tamagotchi,1734
2016-03-30,Tamagotchi,3024
2016-03-31,Tamagotchi,2069
2016-04-01,Tamagotchi,2063
2016-04-02,Tamagotchi,2420
2016-04-03,Tamagotchi,2212
2016-04-04,Tamagotchi,1860
2016-04-05,Tamagotchi,2367
2016-04-06,Tamagotchi,2422
2016-04-07,Tamagotchi,2126
2016-04-08,Tamagotchi,2163
2016-04-09,Tamagotchi,2337
2016-04-10,Tamagotchi,2033
2016-04-11,Tamagotchi,2327
2016-04-12,Tamagotchi,2273
2016-04-13,Tamagotchi,2084
2016-04-14,Tamagotchi,1940
2016-04-15,Tamagotchi,2181
2016-04-16,Tamagotchi,2044
2016-04-17,Tamagotchi,2467
2016-04-18,Tamagotchi,2266
2016-04-19,Tamagotchi,2416
2016-04-20,Tamagotchi,2265
2016-04-21,Tamagotchi,2295
2016-04-22,Tamagotchi,2068
2016-04-23,Tamagotchi,2392
2016-04-24,Tamagotchi,2675
2016-04-25,Tamagotchi,2170
2016-04-26,Tamagotchi,2111
2016-04-27,Tamagotchi,2205
2016-04-28,Tamagotchi,2136
2016-04-29,Tamagotchi,2090
2016-04-30,Tamagotchi,2274
2016-05-01,Tamagotchi,2179
2016-05-02,Tamagotchi,2592
2016-05-03,Tamagotchi,2245
2016-05-04,Tamagotchi,2320
2016-05-05,Tamagotchi,2471
2016-05-06,Tamagotchi,2181
2016-05-07,Tamagotchi,2596
2016-05-08,Tamagotchi,2111
2016-05-09,Tamagotchi,2075
2016-05-10,Tamagotchi,2170
2016-05-11,Tamagotchi,2226
2016-05-12,Tamagotchi,1958
2016-05-13,Tamagotchi,2245
2016-05-14,Tamagotchi,1908
2016-05-15,Tamagotchi,2592
2016-05-16,Tamagotchi,2237
2016-05-17,Tamagotchi,2116
2016-05-18,Tamagotchi,2061
2016-05-19,Tamagotchi,2173
2016-05-20,Tamagotchi,2209
2016-05-21,Tamagotchi,2035
2016-05-22,Tamagotchi,2062
2016-05-23,Tamagotchi,2219
2016-05-24,Tamagotchi,2147
2016-05-25,Tamagotchi,2486
2016-05-26,Tamagotchi,2536
2016-05-27,Tamagotchi,2268
2016-05-28,Tamagotchi,2375
2016-05-29,Tamagotchi,1983
2016-05-30,Tamagotchi,2416
2016-05-31,Tamagotchi,2261
2016-06-01,Tamagotchi,2381
2016-06-02,Tamagotchi,2663
2016-06-03,Tamagotchi,1807
2016-06-04,Tamagotchi,2331
2016-06-05,Tamagotchi,2035
2016-06-06,Tamagotchi,2411
2016-06-07,Tamagotchi,1993
2016-06-08,Tamagotchi,2164
2016-06-09,Tamagotchi,2321
2016-06-10,Tamagotchi,2420
2016-06-11,Tamagotchi,2293
2016-06-12,Tamagotchi,2103
2016-06-13,Tamagotchi,2155
2016-06-14,Tamagotchi,2489
2016-06-15,Tamagotchi,2278
2016-06-16,Tamagotchi,1927
2016-06-17,Tamagotchi,2482
2016-06-18,Tamagotchi,2379
2016-06-19,Tamagotchi,2491
2016-06-20,Tamagotchi,2208
2016-06-21,Tamagotchi,2482
2016-06-22,Tamagotchi,2055
2016-06-23,Tamagotchi,2420
2016-06-24,Tamagotchi,2177
2016-06-25,Tamagotchi,2447
2016-06-26,Tamagotchi,2530
2016-06-27,Tamagotchi,2127
2016-06-28,Tamagotchi,2278
2016-06-29,Tamagotchi,2300
2016-06-30,Tamagotchi,2581
2016-07-01,Tamagotchi,2461
2016-07-02,Tamagotchi,2030
2016-07-03,Tamagotchi,2401
2016-07-04,Tamagotchi,2472
2016-07-05,Tamagotchi,2839
2016-07-06,Tamagotchi,1941
2016-07-07,Tamagotchi,2177
2016-07-08,Tamagotchi,2626
2016-07-09,Tamagotchi,2007
2016-07-10,Tamagotchi,2040
2016-07-11,Tamagotchi,2422
2016-07-12,Tamagotchi,2548
2016-07-13,Tamagotchi,2153
2016-07-14,Tamagotchi,2431
2016-07-15,Tamagotchi,2331
2016-07-16,Tamagotchi,2682
2016-07-17,Tamagotchi,2305
2016-07-18,Tamagotchi,2546
2016-07-19,Tamagotchi,2107
2016-07-20,Tamagotchi,2265
2016-07-21,Tamagotchi,2286
2016-07-22,Tamagotchi,2588
2016-07-23,Tamagotchi,2448
2016-07-24,Tamagotchi,2143
2016-07-25,Tamagotchi,2475
2016-07-26,Tamagotchi,2498
2016-07-27,Tamagotchi,2287
2016-07-28,Tamagotchi,2255
2016-07-29,Tamagotchi,2270
2016-07-30,Tamagotchi,1954
2016-07-31,Tamagotchi,2360
2016-08-01,Tamagotchi,2372
2016-08-02,Tamagotchi,2126
2016-08-03,Tamagotchi,2497
2016-08-04,Tamagotchi,2022
2016-08-05,Tamagotchi,2196
2016-08-06,Tamagotchi,2213
2016-08-07,Tamagotchi,2833
2016-08-08,Tamagotchi,1979
2016-08-09,Tamagotchi,2458
2016-08-10,Tamagotchi,2554
2016-08-11,Tamagotchi,2415
2016-08-12,Tamagotchi,2618
2016-08-13,Tamagotchi,2105
2016-08-14,Tamagotchi,1853
2016-08-15,Tamagotchi,2514
2016-08-16,Tamagotchi,2067
2016-08-17,Tamagotchi,2255
2016-08-18,Tamagotchi,2071
2016-08-19,Tamagotchi,2590
2016-08-20,Tamagotchi,2543
2016-08-21,Tamagotchi,2171
2016-08-22,Tamagotchi,2555
2016-08-23,Tamagotchi,2363
2016-08-24,Tamagotchi,2303
2016-08-25,Tamagotchi,2350
2016-08-26,Tamagotchi,2290
2016-08-27,Tamagotchi,2486
2016-08-28,Tamagotchi,2412
2016-08-29,Tamagotchi,2259
2016-08-30,Tamagotchi,2588
2016-08-31,Tamagotchi,2202
2016-09-01,Tamagotchi,2410
2016-09-02,Tamagotchi,2444
2016-09-03,Tamagotchi,2717
2016-09-04,Tamagotchi,2229
2016-09-05,Tamagotchi,2792
2016-09-06,Tamagotchi,2388
2016-09-07,Tamagotchi,2302
2016-09-08,Tamagotchi,2195
2016-09-09,Tamagotchi,2490
2016-09-10,Tamagotchi,2361
2016-09-11,Tamagotchi,2104
2016-09-12,Tamagotchi,2100
2016-09-13,Tamagotchi,2224
2016-09-14,Tamagotchi,2199
2016-09-15,Tamagotchi,2624
2016-09-16,Tamagotchi,2701
2016-09-17,Tamagotchi,2568
2016-09-18,Tamagotchi,2441
2016-09-19,Tamagotchi,2258
2016-09-20,Tamagotchi,2370
2016-09-21,Tamagotchi,2576
2016-09-22,Tamagotchi,2919
2016-09-23,Tamagotchi,2585
2016-09-24,Tamagotchi,2295
2016-09-25,Tamagotchi,2370
2016-09-26,Tamagotchi,2251
2016-09-27,Tamagotchi,2185
2016-09-28,Tamagotchi,2320
2016-09-29,Tamagotchi,2411
2016-09-30,Tamagotchi,2842
2016-10-01,Tamagotchi,2378
2016-10-02,Tamagotchi,2711
2016-10-03,Tamagotchi,2825
2016-10-04,Tamagotchi,2387
2016-10-05,Tamagotchi,2782
2016-10-06,Tamagotchi,2546
2016-10-07,Tamagotchi,2274
2016-10-08,Tamagotchi,2435
2016-10-09,Tamagotchi,2378
2016-10-10,Tamagotchi,2319
2016-10-11,Tamagotchi,2327
2016-10-12,Tamagotchi,2409
2016-10-13,Tamagotchi,2481
2016-10-14,Tamagotchi,2175
2016-10-15,Tamagotchi,2375
2016-10-16,Tamagotchi,2042
2016-10-17,Tamagotchi,2442
2016-10-18,Tamagotchi,2533
2016-10-19,Tamagotchi,2420
2016-10-20,Tamagotchi,2450
2016-10-21,Tamagotchi,2527
2016-10-22,Tamagotchi,2229
2016-10-23,Tamagotchi,2327
2016-10-24,Tamagotchi,2509
2016-10-25,Tamagotchi,2636
2016-10-26,Tamagotchi,2482
2016-10-27,Tamagotchi,3081
2016-10-28,Tamagotchi,2366
2016-10-29,Tamagotchi,2639
2016-10-30,Tamagotchi,2712
2016-10-31,Tamagotchi,2358
2016-11-01,Tamagotchi,2202
2016-11-02,Tamagotchi,2125
2016-11-03,Tamagotchi,2431
2016-11-04,Tamagotchi,2674
2016-11-05,Tamagotchi,2460
2016-11-06,Tamagotchi,2436
2016-11-07,Tamagotchi,2306
2016-11-08,Tamagotchi,2535
2016-11-09,Tamagotchi,1936
2016-11-10,Tamagotchi,2454
2016-11-11,Tamagotchi,2405
2016-11-12,Tamagotchi,2092
2016-11-13,Tamagotchi,2984
2016-11-14,Tamagotchi,2090
2016-11-15,Tamagotchi,2156
2016-11-16,Tamagotchi,2131
2016-11-17,Tamagotchi,2686
2016-11-18,Tamagotchi,2200
2016-11-19,Tamagotchi,2571
2016-11-20,Tamagotchi,2552
2016-11-21,Tamagotchi,2470
2016-11-22,Tamagotchi,2112
2016-11-23,Tamagotchi,2265
2016-11-24,Tamagotchi,2848
2016-11-25,Tamagotchi,2118
2016-11-26,Tamagotchi,2218
2016-11-27,Tamagotchi,2373
2016-11-28,Tamagotchi,2616
2016-11-29,Tamagotchi,2475
2016-11-30,Tamagotchi,2600
2016-12-01,Tamagotchi,2170
2016-12-02,Tamagotchi,2655
2016-12-03,Tamagotchi,2558
2016-12-04,Tamagotchi,2061
2016-12-05,Tamagotchi,2821
2016-12-06,Tamagotchi,3042
2016-12-07,Tamagotchi,2240
2016-12-08,Tamagotchi,2434
2016-12-09,Tamagotchi,2784
2016-12-10,Tamagotchi,2088
2016-12-11,Tamagotchi,1985
2016-12-12,Tamagotchi,2129
2016-12-13,Tamagotchi,2291
2016-12-14,Tamagotchi,2289
2016-12-15,Tamagotchi,2578
2016-12-16,Tamagotchi,2493
2016-12-17,Tamagotchi,2143
2016-12-18,Tamagotchi,2570
2016-12-19,Tamagotchi,2930
2016-12-20,Tamagotchi,2739
2016-12-21,Tamagotchi,2684
2016-12-22,Tamagotchi,2436
2016-12-23,Tamagotchi,2684
2016-12-24,Tamagotchi,2209
2016-12-25,Tamagotchi,2624
2016-12-26,Tamagotchi,2414
2016-12-27,Tamagotchi,2727
2016-12-28,Tamagotchi,2553
2016-12-29,Tamagotchi,2185
2016-12-30,Tamagotchi,2469
2016-12-31,Tamagotchi,2755
2017-01-01,Tamagotchi,2179
2017-01-02,Tamagotchi,2308
2017-01-03,Tamagotchi,2260
2017-01-04,Tamagotchi,2103
2017-01-05,Tamagotchi,2689
2017-01-06,Tamagotchi,2786
2017-01-07,Tamagotchi,2648
2017-01-08,Tamagotchi,2505
2017-01-09,Tamagotchi,2433
2017-01-10,Tamagotchi,2506
2017-01-11,Tamagotchi,2275
2017-01-12,Tamagotchi,2677
2017-01-13,Tamagotchi,2719
2017-01-14,Tamagotchi,2689
2017-01-15,Tamagotchi,2324
2017-01-16,Tamagotchi,2471
2017-01-17,Tamagotchi,2412
2017-01-18,Tamagotchi,2934
2017-01-19,Tamagotchi,2498
2017-01-20,Tamagotchi,2033
2017-01-21,Tamagotchi,2555
2017-01-22,Tamagotchi,2965
2017-01-23,Tamagotchi,2631
2017-01-24,Tamagotchi,2684
2017-01-25,Tamagotchi,2468
2017-01-26,Tamagotchi,2019
2017-01-27,Tamagotchi,2053
2017-01-28,Tamagotchi,2173
2017-01-29,Tamagotchi,2431
2017-01-30,Tamagotchi,2540
2017-01-31,Tamagotchi,2639
2017-02-01,Tamagotchi,2382
2017-02-02,Tamagotchi,2713
2017-02-03,Tamagotchi,2398
2017-02-04,Tamagotchi,2299
2017-02-05,Tamagotchi,2687
2017-02-06,Tamagotchi,2253
2017-02-07,Tamagotchi,1879
2017-02-08,Tamagotchi,2221
2017-02-09,Tamagotchi,2494
2017-02-10,Tamagotchi,1816
2017-02-11,Tamagotchi,2386
2017-02-12,Tamagotchi,2392
2017-02-13,Tamagotchi,2145
2017-02-14,Tamagotchi,2134
2017-02-15,Tamagotchi,2364
2017-02-16,Tamagotchi,2344
2017-02-17,Tamagotchi,2810
2017-02-18,Tamagotchi,2573
2017-02-19,Tamagotchi,2116
2017-02-20,Tamagotchi,2276
2017-02-21,Tamagotchi,2662
2017-02-22,Tamagotchi,2999
2017-02-23,Tamagotchi,2580
2017-02-24,Tamagotchi,2561
2017-02-25,Tamagotchi,2992
2017-02-26,Tamagotchi,2479
2017-02-27,Tamagotchi,2409
2017-02-28,Tamagotchi,2158
2017-03-01,Tamagotchi,2362
2017-03-02,Tamagotchi,3093
2017-03-03,Tamagotchi,2158
2017-03-04,Tamagotchi,2492
2017-03-05,Tamagotchi,2163
2017-03-06,Tamagotchi,2523
2017-03-07,Tamagotchi,2723
2017-03-08,Tamagotchi,2432
2017-03-09,Tamagotchi,2682
2017-03-10,Tamagotchi,2680
2017-03-11,Tamagotchi,2609
2017-03-12,Tamagotchi,2963
2017-03-13,Tamagotchi,2699
2017-03-14,Tamagotchi,2422
2017-03-15,Tamagotchi,2333
2017-03-16,Tamagotchi,2296
2017-03-17,Tamagotchi,2621
2017-03-18,Tamagotchi,2421
2017-03-19,Tamagotchi,3286
2017-03-20,Tamagotchi,3008
2017-03-21,Tamagotchi,2450
2017-03-22,Tamagotchi,2422
2017-03-23,Tamagotchi,2966
2017-03-24,Tamagotchi,2075
2017-03-25,Tamagotchi,2395
2017-03-26,Tamagotchi,2757
2017-03-27,Tamagotchi,2289
2017-03-28,Tamagotchi,2391
2017-03-29,Tamagotchi,2423
2017-03-30,Tamagotchi,2681
2017-03-31,Tamagotchi,2545
2017-04-01,Tamagotchi,2615
2017-04-02,Tamagotchi,2666
2017-04-03,Tamagotchi,2521
2017-04-04,Tamagotchi,2809
2017-04-05,Tamagotchi,2338
2017-04-06,Tamagotchi,2179
2017-04-07,Tamagotchi,2107
2017-04-08,Tamagotchi,2140
2017-04-09,Tamagotchi,2383
2017-04-10,Tamagotchi,2792
2017-04-11,Tamagotchi,2564
2017-04-12,Tamagotchi,2374
2017-04-13,Tamagotchi,2265
2017-04-14,Tamagotchi,2392
2017-04-15,Tamagotchi,2423
2017-04-16,Tamagotchi,2385
2017-04-17,Tamagotchi,2187
2017-04-18,Tamagotchi,2408
2017-04-19,Tamagotchi,2796
2017-04-20,Tamagotchi,2033
2017-04-21,Tamagotchi,2467
2017-04-22,Tamagotchi,2045
2017-04-23,Tamagotchi,2576
2017-04-24,Tamagotchi,2348
2017-04-25,Tamagotchi,2054
2017-04-26,Tamagotchi,2557
2017-04-27,Tamagotchi,3037
2017-04-28,Tamagotchi,2561
2017-04-29,Tamagotchi,2846
2017-04-30,Tamagotchi,2517
2017-05-01,Tamagotchi,2043
2017-05-02,Tamagotchi,2664
2017-05-03,Tamagotchi,2433
2017-05-04,Tamagotchi,2193
2017-05-05,Tamagotchi,2746
2017-05-06,Tamagotchi,2613
2017-05-07,Tamagotchi,2410
2017-05-08,Tamagotchi,2772
2017-05-09,Tamagotchi,2330
2017-05-10,Tamagotchi,2712
2017-05-11,Tamagotchi,2315
2017-05-12,Tamagotchi,2684
2017-05-13,Tamagotchi,2280
2017-05-14,Tamagotchi,2955
2017-05-15,Tamagotchi,2612
2017-05-16,Tamagotchi,2940
2017-05-17,Tamagotchi,2347
2017-05-18,Tamagotchi,2431
2017-05-19,Tamagotchi,2773
2017-05-20,Tamagotchi,1939
2017-05-21,Tamagotchi,2293
2017-05-22,Tamagotchi,2830
2017-05-23,Tamagotchi,2675
2017-05-24,Tamagotchi,2817
2017-05-25,Tamagotchi,2477
2017-05-26,Tamagotchi,2704
2017-05-27,Tamagotchi,2376
2017-05-28,Tamagotchi,2229
2017-05-29,Tamagotchi,2159
2017-05-30,Tamagotchi,2421
2017-05-31,Tamagotchi,2423
2017-06-01,Tamagotchi,2404
2017-06-02,Tamagotchi,1796
2017-06-03,Tamagotchi,2098
2017-06-04,Tamagotchi,2430
2017-06-05,Tamagotchi,2638
2017-06-06,Tamagotchi,2420
2017-06-07,Tamagotchi,2350
2017-06-08,Tamagotchi,2037
2017-06-09,Tamagotchi,3142
2017-06-10,Tamagotchi,2300
2017-06-11,Tamagotchi,3039
2017-06-12,Tamagotchi,3003
2017-06-13,Tamagotchi,2641
2017-06-14,Tamagotchi,2428
2017-06-15,Tamagotchi,2606
2017-06-16,Tamagotchi,2292
2017-06-17,Tamagotchi,2641
2017-06-18,Tamagotchi,2575
2017-06-19,Tamagotchi,2715
2017-06-20,Tamagotchi,2832
2017-06-21,Tamagotchi,3064
2017-06-22,Tamagotchi,2479
2017-06-23,Tamagotchi,2861
2017-06-24,Tamagotchi,2382
2017-06-25,Tamagotchi,2359
2017-06-26,Tamagotchi,2426
2017-06-27,Tamagotchi,2340
2017-06-28,Tamagotchi,2848
2017-06-29,Tamagotchi,2833
2017-06-30,Tamagotchi,2934
2017-07-01,Tamagotchi,2578
2017-07-02,Tamagotchi,2657
2017-07-03,Tamagotchi,2441
2017-07-04,Tamagotchi,2305
2017-07-05,Tamagotchi,2706
2017-07-06,Tamagotchi,2659
2017-07-07,Tamagotchi,2318
2017-07-08,Tamagotchi,2746
2017-07-09,Tamagotchi,2177
2017-07-10,Tamagotchi,2546
2017-07-11,Tamagotchi,2434
2017-07-12,Tamagotchi,2459
2017-07-13,Tamagotchi,2327
2017-07-14,Tamagotchi,2854
2017-07-15,Tamagotchi,2747
2017-07-16,Tamagotchi,2923
2017-07-17,Tamagotchi,2631
2017-07-18,Tamagotchi,2282
2017-07-19,Tamagotchi,2502
2017-07-20,Tamagotchi,2307
2017-07-21,Tamagotchi,2719
2017-07-22,Tamagotchi,2932
2017-07-23,Tamagotchi,2685
2017-07-24,Tamagotchi,2448
2017-07-25,Tamagotchi,2506
2017-07-26,Tamagotchi,2654
2017-07-27,Tamagotchi,2251
2017-07-28,Tamagotchi,2641
2017-07-29,Tamagotchi,2655
2017-07-30,Tamagotchi,2465
2017-07-31,Tamagotchi,2497
2017-08-01,Tamagotchi,2650
2017-08-02,Tamagotchi,2400
2017-08-03,Tamagotchi,2400
2017-08-04,Tamagotchi,2818
2017-08-05,Tamagotchi,2666
2017-08-06,Tamagotchi,3085
2017-08-07,Tamagotchi,2363
2017-08-08,Tamagotchi,2184
2017-08-09,Tamagotchi,2867
2017-08-10,Tamagotchi,2873
2017-08-11,Tamagotchi,2425
2017-08-12,Tamagotchi,2255
2017-08-13,Tamagotchi,2600
2017-08-14,Tamagotchi,2193
2017-08-15,Tamagotchi,2525
2017-08-16,Tamagotchi,2101
2017-08-17,Tamagotchi,2553
2017-08-18,Tamagotchi,2115
2017-08-19,Tamagotchi,2554
2017-08-20,Tamagotchi,3044
2017-08-21,Tamagotchi,2547
2017-08-22,Tamagotchi,2826
2017-08-23,Tamagotchi,2455
2017-08-24,Tamagotchi,2394
2017-08-25,Tamagotchi,2254
2017-08-26,Tamagotchi,2906
2017-08-27,Tamagotchi,2605
2017-08-28,Tamagotchi,3082
2017-08-29,Tamagotchi,2329
2017-08-30,Tamagotchi,2563
2017-08-31,Tamagotchi,2643
2017-09-01,Tamagotchi,3020
2017-09-02,Tamagotchi,3147
2017-09-03,Tamagotchi,2459
2017-09-04,Tamagotchi,2343
2017-09-05,Tamagotchi,2206
2017-09-06,Tamagotchi,3001
2017-09-07,Tamagotchi,2603
2017-09-08,Tamagotchi,2462
2017-09-09,Tamagotchi,2614
2017-09-10,Tamagotchi,2034
2017-09-11,Tamagotchi,2212
2017-09-12,Tamagotchi,2887
2017-09-13,Tamagotchi,2736
2017-09-14,Tamagotchi,2670
2017-09-15,Tamagotchi,2381
2017-09-16,Tamagotchi,2791
2017-09-17,Tamagotchi,3145
2017-09-18,Tamagotchi,2330
2017-09-19,Tamagotchi,2638
2017-09-20,Tamagotchi,2523
2017-09-21,Tamagotchi,2733
2017-09-22,Tamagotchi,2640
2017-09-23,Tamagotchi,2599
2017-09-24,Tamagotchi,2415
2017-09-25,Tamagotchi,2635
2017-09-26,Tamagotchi,2482
2017-09-27,Tamagotchi,2602
2017-09-28,Tamagotchi,2624
2017-09-29,Tamagotchi,2821
2017-09-30,Tamagotchi,2493
2017-10-01,Tamagotchi,2559
2017-10-02,Tamagotchi,2944
2017-10-03,Tamagotchi,2588
2017-10-04,Tamagotchi,2578
2017-10-05,Tamagotchi,2886
2017-10-06,Tamagotchi,2721
2017-10-07,Tamagotchi,2673
2017-10-08,Tamagotchi,2708
2017-10-09,Tamagotchi,2341
2017-10-10,Tamagotchi,2776
2017-10-11,Tamagotchi,3028
2017-10-12,Tamagotchi,2812
2017-10-13,Tamagotchi,2272
2017-10-14,Tamagotchi,2732
2017-10-15,Tamagotchi,2427
2017-10-16,Tamagotchi,2598
2017-10-17,Tamagotchi,2693
2017-10-18,Tamagotchi,2361
2017-10-19,Tamagotchi,3041
2017-10-20,Tamagotchi,2643
2017-10-21,Tamagotchi,2882
2017-10-22,Tamagotchi,2838
2017-10-23,Tamagotchi,3048
2017-10-24,Tamagotchi,3003
2017-10-25,Tamagotchi,2301
2017-10-26,Tamagotchi,2679
2017-10-27,Tamagotchi,2156
2017-10-28,Tamagotchi,2553
2017-10-29,Tamagotchi,2868
2017-10-30,Tamagotchi,2927
2017-10-31,Tamagotchi,3040
2017-11-01,Tamagotchi,2574
2017-11-02,Tamagotchi,2761
2017-11-03,Tamagotchi,2701
2017-11-04,Tamagotchi,3038
2017-11-05,Tamagotchi,3138
2017-11-06,Tamagotchi,2584
2017-11-07,Tamagotchi,3911
2017-11-08,Tamagotchi,2679
2017-11-09,Tamagotchi,2584
2017-11-10,Tamagotchi,2847
2017-11-11,Tamagotchi,2894
2017-11-12,Tamagotchi,2834
2017-11-13,Tamagotchi,2515
2017-11-14,Tamagotchi,3111
2017-11-15,Tamagotchi,2701
2017-11-16,Tamagotchi,3134
2017-11-17,Tamagotchi,3090
2017-11-18,Tamagotchi,2368
2017-11-19,Tamagotchi,2439
2017-11-20,Tamagotchi,2435
2017-11-21,Tamagotchi,2761
2017-11-22,Tamagotchi,2708
2017-11-23,Tamagotchi,2768
2017-11-24,Tamagotchi,2485
2017-11-25,Tamagotchi,2814
2017-11-26,Tamagotchi,3104
2017-11-27,Tamagotchi,2361
2017-11-28,Tamagotchi,2647
2017-11-29,Tamagotchi,2768
2017-11-30,Tamagotchi,2666
2017-12-01,Tamagotchi,2649
2017-12-02,Tamagotchi,3226
2017-12-03,Tamagotchi,3074
2017-12-04,Tamagotchi,2945
2017-12-05,Tamagotchi,2507
2017-12-06,Tamagotchi,3387
2017-12-07,Tamagotchi,2807
2017-12-08,Tamagotchi,2556
2017-12-09,Tamagotchi,2619
2017-12-10,Tamagotchi,2580
2017-12-11,Tamagotchi,3351
2017-12-12,Tamagotchi,2768
2017-12-13,Tamagotchi,2730
2017-12-14,Tamagotchi,2188
2017-12-15,Tamagotchi,2922
2017-12-16,Tamagotchi,2442
2017-12-17,Tamagotchi,2426
2017-12-18,Tamagotchi,2888
2017-12-19,Tamagotchi,2493
2017-12-20,Tamagotchi,2955
2017-12-21,Tamagotchi,3042
2017-12-22,Tamagotchi,2274
2017-12-23,Tamagotchi,2684
2017-12-24,Tamagotchi,2325
2017-12-25,Tamagotchi,2706
2017-12-26,Tamagotchi,2983
2017-12-27,Tamagotchi,2377
2017-12-28,Tamagotchi,3263
2017-12-29,Tamagotchi,2642
2017-12-30,Tamagotchi,2422
2017-12-31,Tamagotchi,2693
2018-01-01,Tamagotchi,2952
2018-01-02,Tamagotchi,2377
2018-01-03,Tamagotchi,2729
2018-01-04,Tamagotchi,2379
2018-01-05,Tamagotchi,3080
2018-01-06,Tamagotchi,2773
2018-01-07,Tamagotchi,2618
2018-01-08,Tamagotchi,3030
2018-01-09,Tamagotchi,2402
2018-01-10,Tamagotchi,2628
2018-01-11,Tamagotchi,3289
2018-01-12,Tamagotchi,2701
2018-01-13,Tamagotchi,3133
2018-01-14,Tamagotchi,2791
2018-01-15,Tamagotchi,2552
2018-01-16,Tamagotchi,2671
2018-01-17,Tamagotchi,2760
2018-01-18,Tamagotchi,2630
2018-01-19,Tamagotchi,2523
2018-01-20,Tamagotchi,2535
2018-01-21,Tamagotchi,2364
2018-01-22,Tamagotchi,2773
2018-01-23,Tamagotchi,2853
2018-01-24,Tamagotchi,2957
2018-01-25,Tamagotchi,2291
2018-01-26,Tamagotchi,2976
2018-01-27,Tamagotchi,2742
2018-01-28,Tamagotchi,2381
2018-01-29,Tamagotchi,2775
2018-01-30,Tamagotchi,2982
2018-01-31,Tamagotchi,2897
2018-02-01,Tamagotchi,2957
2018-02-02,Tamagotchi,3024
2018-02-03,Tamagotchi,3010
2018-02-04,Tamagotchi,2743
2018-02-05,Tamagotchi,2236
2018-02-06,Tamagotchi,2553
2018-02-07,Tamagotchi,2855
2018-02-08,Tamagotchi,2630
2018-02-09,Tamagotchi,2953
2018-02-10,Tamagotchi,2987
2018-02-11,Tamagotchi,2772
2018-02-12,Tamagotchi,3330
2018-02-13,Tamagotchi,2504
2018-02-14,Tamagotchi,3031
2018-02-15,Tamagotchi,2634
2018-02-16,Tamagotchi,2555
2018-02-17,Tamagotchi,2931
2018-02-18,Tamagotchi,2599
2018-02-19,Tamagotchi,3013
2018-02-20,Tamagotchi,2461
2018-02-21,Tamagotchi,2777
2018-02-22,Tamagotchi,2544
2018-02-23,Tamagotchi,2704
2018-02-24,Tamagotchi,2668
2018-02-25,Tamagotchi,2474
2018-02-26,Tamagotchi,2959
2018-02-27,Tamagotchi,2447
2018-02-28,Tamagotchi,2514
2018-03-01,Tamagotchi,3032
2018-03-02,Tamagotchi,3058
2018-03-03,Tamagotchi,2967
2018-03-04,Tamagotchi,2872
2018-03-05,Tamagotchi,3488
2018-03-06,Tamagotchi,2461
2018-03-07,Tamagotchi,2580
2018-03-08,Tamagotchi,2516
2018-03-09,Tamagotchi,3042
2018-03-10,Tamagotchi,2862
2018-03-11,Tamagotchi,3109
2018-03-12,Tamagotchi,3067
2018-03-13,Tamagotchi,2722
2018-03-14,Tamagotchi,2566
2018-03-15,Tamagotchi,2522
2018-03-16,Tamagotchi,3476
2018-03-17,Tamagotchi,3070
2018-03-18,Tamagotchi,2958
2018-03-19,Tamagotchi,2696
2018-03-20,Tamagotchi,2735
2018-03-21,Tamagotchi,2696
2018-03-22,Tamagotchi,2702
2018-03-23,Tamagotchi,2195
2018-03-24,Tamagotchi,2776
2018-03-25,Tamagotchi,2689
2018-03-26,Tamagotchi,2877
2018-03-27,Tamagotchi,2855
2018-03-28,Tamagotchi,3045
2018-03-29,Tamagotchi,2793
2018-03-30,Tamagotchi,3030
2018-03-31,Tamagotchi,2166
2018-04-01,Tamagotchi,2507
2018-04-02,Tamagotchi,3328
2018-04-03,Tamagotchi,2480
2018-04-04,Tamagotchi,2725
2018-04-05,Tamagotchi,3008
2018-04-06,Tamagotchi,2567
2018-04-07,Tamagotchi,3014
2018-04-08,Tamagotchi,2432
2018-04-09,Tamagotchi,2317
2018-04-10,Tamagotchi,2457
2018-04-11,Tamagotchi,2380
2018-04-12,Tamagotchi,2803
2018-04-13,Tamagotchi,2721
2018-04-14,Tamagotchi,2904
2018-04-15,Tamagotchi,2534
2018-04-16,Tamagotchi,3626
2018-04-17,Tamagotchi,2786
2018-04-18,Tamagotchi,2800
2018-04-19,Tamagotchi,2945
2018-04-20,Tamagotchi,2747
2018-04-21,Tamagotchi,2643
2018-04-22,Tamagotchi,2841
2018-04-23,Tamagotchi,3088
2018-04-24,Tamagotchi,3012
2018-04-25,Tamagotchi,3097
2018-04-26,Tamagotchi,2665
2018-04-27,Tamagotchi,2610
2018-04-28,Tamagotchi,3448
2018-04-29,Tamagotchi,2756
2018-04-30,Tamagotchi,2961
2018-05-01,Tamagotchi,3040
2018-05-02,Tamagotchi,3256
2018-05-03,Tamagotchi,2468
2018-05-04,Tamagotchi,2694
2018-05-05,Tamagotchi,2707
2018-05-06,Tamagotchi,2744
2018-05-07,Tamagotchi,2222
2018-05-08,Tamagotchi,2803
2018-05-09,Tamagotchi,2119
2018-05-10,Tamagotchi,2917
2018-05-11,Tamagotchi,2989
2018-05-12,Tamagotchi,3008
2018-05-13,Tamagotchi,2512
2018-05-14,Tamagotchi,3119
2018-05-15,Tamagotchi,2601
2018-05-16,Tamagotchi,2509
2018-05-17,Tamagotchi,2573
2018-05-18,Tamagotchi,2608
2018-05-19,Tamagotchi,2889
2018-05-20,Tamagotchi,3084
2018-05-21,Tamagotchi,2302
2018-05-22,Tamagotchi,2692
2018-05-23,Tamagotchi,3111
2018-05-24,Tamagotchi,2902
2018-05-25,Tamagotchi,2993
2018-05-26,Tamagotchi,2450
2018-05-27,Tamagotchi,3132
2018-05-28,Tamagotchi,2435
2018-05-29,Tamagotchi,2905
2018-05-30,Tamagotchi,3266
2018-05-31,Tamagotchi,3441
2018-06-01,Tamagotchi,3002
2018-06-02,Tamagotchi,3116
2018-06-03,Tamagotchi,2686
2018-06-04,Tamagotchi,2720
2018-06-05,Tamagotchi,3210
2018-06-06,Tamagotchi,2857
2018-06-07,Tamagotchi,2821
2018-06-08,Tamagotchi,2482
2018-06-09,Tamagotchi,2902
2018-06-10,Tamagotchi,3050
2018-06-11,Tamagotchi,2642
2018-06-12,Tamagotchi,2720
2018-06-13,Tamagotchi,3352
2018-06-14,Tamagotchi,2914
2018-06-15,Tamagotchi,2782
2018-06-16,Tamagotchi,2556
2018-06-17,Tamagotchi,2693
2018-06-18,Tamagotchi,2795
2018-06-19,Tamagotchi,3287
2018-06-20,Tamagotchi,2698
2018-06-21,Tamagotchi,3432
2018-06-22,Tamagotchi,2615
2018-06-23,Tamagotchi,2769
2018-06-24,Tamagotchi,3123
2018-06-25,Tamagotchi,2803
2018-06-26,Tamagotchi,2643
2018-06-27,Tamagotchi,2835
2018-06-28,Tamagotchi,3006
2018-06-29,Tamagotchi,2421
2018-06-30,Tamagotchi,2805
2018-07-01,Tamagotchi,2845
2018-07-02,Tamagotchi,2763
2018-07-03,Tamagotchi,3098
2018-07-04,Tamagotchi,2720
2018-07-05,Tamagotchi,2776
2018-07-06,Tamagotchi,2891
2018-07-07,Tamagotchi,3099
2018-07-08,Tamagotchi,2819
2018-07-09,Tamagotchi,3355
2018-07-10,Tamagotchi,2633
2018-07-11,Tamagotchi,3280
2018-07-12,Tamagotchi,2648
2018-07-13,Tamagotchi,2839
2018-07-14,Tamagotchi,2994
2018-07-15,Tamagotchi,3546
2018-07-16,Tamagotchi,3159
2018-07-17,Tamagotchi,2774
2018-07-18,Tamagotchi,3291
2018-07-19,Tamagotchi,2830
2018-07-20,Tamagotchi,2671
2018-07-21,Tamagotchi,3025
2018-07-22,Tamagotchi,2921
2018-07-23,Tamagotchi,3184
2018-07-24,Tamagotchi,2740
2018-07-25,Tamagotchi,3008
2018-07-26,Tamagotchi,3086
2018-07-27,Tamagotchi,2979
2018-07-28,Tamagotchi,2890
2018-07-29,Tamagotchi,2703
2018-07-30,Tamagotchi,3174
2018-07-31,Tamagotchi,2940
2018-08-01,Tamagotchi,3049
2018-08-02,Tamagotchi,2802
2018-08-03,Tamagotchi,2906
2018-08-04,Tamagotchi,2617
2018-08-05,Tamagotchi,2929
2018-08-06,Tamagotchi,3136
2018-08-07,Tamagotchi,2933
2018-08-08,Tamagotchi,3168
2018-08-09,Tamagotchi,3000
2018-08-10,Tamagotchi,3333
2018-08-11,Tamagotchi,2854
2018-08-12,Tamagotchi,2470
2018-08-13,Tamagotchi,3039
2018-08-14,Tamagotchi,2864
2018-08-15,Tamagotchi,2642
2018-08-16,Tamagotchi,3109
2018-08-17,Tamagotchi,2992
2018-08-18,Tamagotchi,3047
2018-08-19,Tamagotchi,2820
2018-08-20,Tamagotchi,2974
2018-08-21,Tamagotchi,2992
2018-08-22,Tamagotchi,3485
2018-08-23,Tamagotchi,2726
2018-08-24,Tamagotchi,2916
2018-08-25,Tamagotchi,3029
2018-08-26,Tamagotchi,2458
2018-08-27,Tamagotchi,2489
2018-08-28,Tamagotchi,3630
2018-08-29,Tamagotchi,2450
2018-08-30,Tamagotchi,3097
2018-08-31,Tamagotchi,2687
2018-09-01,Tamagotchi,2711
2018-09-02,Tamagotchi,2400
2018-09-03,Tamagotchi,2675
2018-09-04,Tamagotchi,3167
2018-09-05,Tamagotchi,2549
2018-09-06,Tamagotchi,3110
2018-09-07,Tamagotchi,3024
2018-09-08,Tamagotchi,3587
2018-09-09,Tamagotchi,2796
2018-09-10,Tamagotchi,3328
2018-09-11,Tamagotchi,3207
2018-09-12,Tamagotchi,2852
2018-09-13,Tamagotchi,2486
2018-09-14,Tamagotchi,3415
2018-09-15,Tamagotchi,2562
2018-09-16,Tamagotchi,2802
2018-09-17,Tamagotchi,3210
2018-09-18,Tamagotchi,3287
2018-09-19,Tamagotchi,2702
2018-09-20,Tamagotchi,2932
2018-09-21,Tamagotchi,2867
2018-09-22,Tamagotchi,3312
2018-09-23,Tamagotchi,3781
2018-09-24,Tamagotchi,2452
2018-09-25,Tamagotchi,3228
2018-09-26,Tamagotchi,2213
2018-09-27,Tamagotchi,2951
2018-09-28,Tamagotchi,2638
2018-09-29,Tamagotchi,3598
2018-09-30,Tamagotchi,2999
2018-10-01,Tamagotchi,2740
2018-10-02,Tamagotchi,2807
2018-10-03,Tamagotchi,2786
2018-10-04,Tamagotchi,3008
2018-10-05,Tamagotchi,2907
2018-10-06,Tamagotchi,3154
2018-10-07,Tamagotchi,3447
2018-10-08,Tamagotchi,3170
2018-10-09,Tamagotchi,2615
2018-10-10,Tamagotchi,2514
2018-10-11,Tamagotchi,2743
2018-10-12,Tamagotchi,3287
2018-10-13,Tamagotchi,2862
2018-10-14,Tamagotchi,2769
2018-10-15,Tamagotchi,3002
2018-10-16,Tamagotchi,2571
2018-10-17,Tamagotchi,2644
2018-10-18,Tamagotchi,3119
2018-10-19,Tamagotchi,2876
2018-10-20,Tamagotchi,2834
2018-10-21,Tamagotchi,3062
2018-10-22,Tamagotchi,2798
2018-10-23,Tamagotchi,2771
2018-10-24,Tamagotchi,2835
2018-10-25,Tamagotchi,3154
2018-10-26,Tamagotchi,2988
2018-10-27,Tamagotchi,2636
2018-10-28,Tamagotchi,2883
2018-10-29,Tamagotchi,3171
2018-10-30,Tamagotchi,3585
2018-10-31,Tamagotchi,2653
2018-11-01,Tamagotchi,3077
2018-11-02,Tamagotchi,2899
2018-11-03,Tamagotchi,3232
2018-11-04,Tamagotchi,3114
2018-11-05,Tamagotchi,3450
2018-11-06,Tamagotchi,3138
2018-11-07,Tamagotchi,2821
2018-11-08,Tamagotchi,2824
2018-11-09,Tamagotchi,3105
2018-11-10,Tamagotchi,3102
2018-11-11,Tamagotchi,3791
2018-11-12,Tamagotchi,3528
2018-11-13,Tamagotchi,2654
2018-11-14,Tamagotchi,3092
2018-11-15,Tamagotchi,2614
2018-11-16,Tamagotchi,2531
2018-11-17,Tamagotchi,3218
2018-11-18,Tamagotchi,3158
2018-11-19,Tamagotchi,2694
2018-11-20,Tamagotchi,3524
2018-11-21,Tamagotchi,2712
2018-11-22,Tamagotchi,2662
2018-11-23,Tamagotchi,3194
2018-11-24,Tamagotchi,3060
2018-11-25,Tamagotchi,2946
2018-11-26,Tamagotchi,2975
2018-11-27,Tamagotchi,3063
2018-11-28,Tamagotchi,2955
2018-11-29,Tamagotchi,2946
2018-11-30,Tamagotchi,2480
2018-12-01,Tamagotchi,2622
2018-12-02,Tamagotchi,3188
2018-12-03,Tamagotchi,2796
2018-12-04,Tamagotchi,3169
2018-12-05,Tamagotchi,3397
2018-12-06,Tamagotchi,2898
2018-12-07,Tamagotchi,3090
2018-12-08,Tamagotchi,3698
2018-12-09,Tamagotchi,3221
2018-12-10,Tamagotchi,3614
2018-12-11,Tamagotchi,3505
2018-12-12,Tamagotchi,3243
2018-12-13,Tamagotchi,2975
2018-12-14,Tamagotchi,2766
2018-12-15,Tamagotchi,2693
2018-12-16,Tamagotchi,3161
2018-12-17,Tamagotchi,3156
2018-12-18,Tamagotchi,2960
2018-12-19,Tamagotchi,3280
2018-12-20,Tamagotchi,2837
2018-12-21,Tamagotchi,3369
2018-12-22,Tamagotchi,3028
2018-12-23,Tamagotchi,3005
2018-12-24,Tamagotchi,3017
2018-12-25,Tamagotchi,2988
2018-12-26,Tamagotchi,3872
2018-12-27,Tamagotchi,2570
2018-12-28,Tamagotchi,3074
2018-12-29,Tamagotchi,3421
2018-12-30,Tamagotchi,3247
2018-12-31,Tamagotchi,2933
2019-01-01,Tamagotchi,3598
2019-01-02,Tamagotchi,2718
2019-01-03,Tamagotchi,2655
2019-01-04,Tamagotchi,3203
2019-01-05,Tamagotchi,2617
2019-01-06,Tamagotchi,2387
2019-01-07,Tamagotchi,3308
2019-01-08,Tamagotchi,3269
2019-01-09,Tamagotchi,3260
2019-01-10,Tamagotchi,2886
2019-01-11,Tamagotchi,3087
2019-01-12,Tamagotchi,2753
2019-01-13,Tamagotchi,3608
2019-01-14,Tamagotchi,3284
2019-01-15,Tamagotchi,3269
2019-01-16,Tamagotchi,2498
2019-01-17,Tamagotchi,3292
2019-01-18,Tamagotchi,3527
2019-01-19,Tamagotchi,3431
2019-01-20,Tamagotchi,3288
2019-01-21,Tamagotchi,3039
2019-01-22,Tamagotchi,2938
2019-01-23,Tamagotchi,3230
2019-01-24,Tamagotchi,3161
2019-01-25,Tamagotchi,3115
2019-01-26,Tamagotchi,2951
2019-01-27,Tamagotchi,3602
2019-01-28,Tamagotchi,2709
2019-01-29,Tamagotchi,3039
2019-01-30,Tamagotchi,2875
2019-01-31,Tamagotchi,3379
2019-02-01,Tamagotchi,3517
2019-02-02,Tamagotchi,3453
2019-02-03,Tamagotchi,3289
2019-02-04,Tamagotchi,2651
2019-02-05,Tamagotchi,3758
2019-02-06,Tamagotchi,3214
2019-02-07,Tamagotchi,3020
2019-02-08,Tamagotchi,3060
2019-02-09,Tamagotchi,2953
2019-02-10,Tamagotchi,3188
2019-02-11,Tamagotchi,3153
2019-02-12,Tamagotchi,2949
2019-02-13,Tamagotchi,2365
2019-02-14,Tamagotchi,3048
2019-02-15,Tamagotchi,3209
2019-02-16,Tamagotchi,3226
2019-02-17,Tamagotchi,3014
2019-02-18,Tamagotchi,3204
2019-02-19,Tamagotchi,3394
2019-02-20,Tamagotchi,2923
2019-02-21,Tamagotchi,3548
2019-02-22,Tamagotchi,2521
2019-02-23,Tamagotchi,2703
2019-02-24,Tamagotchi,2801
2019-02-25,Tamagotchi,2402
2019-02-26,Tamagotchi,2776
2019-02-27,Tamagotchi,3477
2019-02-28,Tamagotchi,3476
2019-03-01,Tamagotchi,3101
2019-03-02,Tamagotchi,3648
2019-03-03,Tamagotchi,3147
2019-03-04,Tamagotchi,2924
2019-03-05,Tamagotchi,3149
2019-03-06,Tamagotchi,3033
2019-03-07,Tamagotchi,3310
2019-03-08,Tamagotchi,2647
2019-03-09,Tamagotchi,3401
2019-03-10,Tamagotchi,2940
2019-03-11,Tamagotchi,3354
2019-03-12,Tamagotchi,2640
2019-03-13,Tamagotchi,2954
2019-03-14,Tamagotchi,3105
2019-03-15,Tamagotchi,3373
2019-03-16,Tamagotchi,2729
2019-03-17,Tamagotchi,3643
2019-03-18,Tamagotchi,3237
2019-03-19,Tamagotchi,2927
2019-03-20,Tamagotchi,3485
2019-03-21,Tamagotchi,3119
2019-03-22,Tamagotchi,3467
2019-03-23,Tamagotchi,3896
2019-03-24,Tamagotchi,3336
2019-03-25,Tamagotchi,2931
2019-03-26,Tamagotchi,2962
2019-03-27,Tamagotchi,3277
2019-03-28,Tamagotchi,3183
2019-03-29,Tamagotchi,2846
2019-03-30,Tamagotchi,2894
2019-03-31,Tamagotchi,3308
2019-04-01,Tamagotchi,3914
2019-04-02,Tamagotchi,2380
2019-04-03,Tamagotchi,3330
2019-04-04,Tamagotchi,3033
2019-04-05,Tamagotchi,3350
2019-04-06,Tamagotchi,3381
2019-04-07,Tamagotchi,3117
2019-04-08,Tamagotchi,2801
2019-04-09,Tamagotchi,2697
2019-04-10,Tamagotchi,2572
2019-04-11,Tamagotchi,3507
2019-04-12,Tamagotchi,3040
2019-04-13,Tamagotchi,2942
2019-04-14,Tamagotchi,3021
2019-04-15,Tamagotchi,2717
2019-04-16,Tamagotchi,3204
2019-04-17,Tamagotchi,3547
2019-04-18,Tamagotchi,3484
2019-04-19,Tamagotchi,2659
2019-04-20,Tamagotchi,3565
2019-04-21,Tamagotchi,2883
2019-04-22,Tamagotchi,2570
2019-04-23,Tamagotchi,2753
2019-04-24,Tamagotchi,2827
2019-04-25,Tamagotchi,3113
2019-04-26,Tamagotchi,2810
2019-04-27,Tamagotchi,2679
2019-04-28,Tamagotchi,3036
2019-04-29,Tamagotchi,3779
2019-04-30,Tamagotchi,2907
2019-05-01,Tamagotchi,3268
2019-05-02,Tamagotchi,3145
2019-05-03,Tamagotchi,4072
2019-05-04,Tamagotchi,2582
2019-05-05,Tamagotchi,3484
2019-05-06,Tamagotchi,2748
2019-05-07,Tamagotchi,2945
2019-05-08,Tamagotchi,3095
2019-05-09,Tamagotchi,4299
2019-05-10,Tamagotchi,2897
2019-05-11,Tamagotchi,2589
2019-05-12,Tamagotchi,3562
2019-05-13,Tamagotchi,2877
2019-05-14,Tamagotchi,3055
2019-05-15,Tamagotchi,3123
2019-05-16,Tamagotchi,3162
2019-05-17,Tamagotchi,3079
2019-05-18,Tamagotchi,3218
2019-05-19,Tamagotchi,3258
2019-05-20,Tamagotchi,3414
2019-05-21,Tamagotchi,3004
2019-05-22,Tamagotchi,2910
2019-05-23,Tamagotchi,2821
2019-05-24,Tamagotchi,3330
2019-05-25,Tamagotchi,3124
2019-05-26,Tamagotchi,3318
2019-05-27,Tamagotchi,3314
2019-05-28,Tamagotchi,3718
2019-05-29,Tamagotchi,3208
2019-05-30,Tamagotchi,3388
2019-05-31,Tamagotchi,2787
2019-06-01,Tamagotchi,2822
2019-06-02,Tamagotchi,3049
2019-06-03,Tamagotchi,2785
2019-06-04,Tamagotchi,3371
2019-06-05,Tamagotchi,2755
2019-06-06,Tamagotchi,3170
2019-06-07,Tamagotchi,2463
2019-06-08,Tamagotchi,2820
2019-06-09,Tamagotchi,3046
2019-06-10,Tamagotchi,3071
2019-06-11,Tamagotchi,2635
2019-06-12,Tamagotchi,3188
2019-06-13,Tamagotchi,3477
2019-06-14,Tamagotchi,3366
2019-06-15,Tamagotchi,2954
2019-06-16,Tamagotchi,2976
2019-06-17,Tamagotchi,2804
2019-06-18,Tamagotchi,3363
2019-06-19,Tamagotchi,3649
2019-06-20,Tamagotchi,2998
2019-06-21,Tamagotchi,2667
2019-06-22,Tamagotchi,3225
2019-06-23,Tamagotchi,3394
2019-06-24,Tamagotchi,2409
2019-06-25,Tamagotchi,3208
2019-06-26,Tamagotchi,3929
2019-06-27,Tamagotchi,3436
2019-06-28,Tamagotchi,3345
2019-06-29,Tamagotchi,3297
2019-06-30,Tamagotchi,3522
2019-07-01,Tamagotchi,2884
2019-07-02,Tamagotchi,2912
2019-07-03,Tamagotchi,3302
2019-07-04,Tamagotchi,2961
2019-07-05,Tamagotchi,3255
2019-07-06,Tamagotchi,2620
2019-07-07,Tamagotchi,3423
2019-07-08,Tamagotchi,3454
2019-07-09,Tamagotchi,3189
2019-07-10,Tamagotchi,3228
2019-07-11,Tamagotchi,3735
2019-07-12,Tamagotchi,2851
2019-07-13,Tamagotchi,2901
2019-07-14,Tamagotchi,2849
2019-07-15,Tamagotchi,3047
2019-07-16,Tamagotchi,2874
2019-07-17,Tamagotchi,3193
2019-07-18,Tamagotchi,2981
2019-07-19,Tamagotchi,2753
2019-07-20,Tamagotchi,2726
2019-07-21,Tamagotchi,3595
2019-07-22,Tamagotchi,3163
2019-07-23,Tamagotchi,3114
2019-07-24,Tamagotchi,3195
2019-07-25,Tamagotchi,3161
2019-07-26,Tamagotchi,3439
2019-07-27,Tamagotchi,3374
2019-07-28,Tamagotchi,3007
2019-07-29,Tamagotchi,2938
2019-07-30,Tamagotchi,2863
2019-07-31,Tamagotchi,2817
2019-08-01,Tamagotchi,3674
2019-08-02,Tamagotchi,2914
2019-08-03,Tamagotchi,2611
2019-08-04,Tamagotchi,2937
2019-08-05,Tamagotchi,2954
2019-08-06,Tamagotchi,3304
2019-08-07,Tamagotchi,2927
2019-08-08,Tamagotchi,3374
2019-08-09,Tamagotchi,3326
2019-08-10,Tamagotchi,3633
2019-08-11,Tamagotchi,3976
2019-08-12,Tamagotchi,4257
2019-08-13,Tamagotchi,3666
2019-08-14,Tamagotchi,2853
2019-08-15,Tamagotchi,3077
2019-08-16,Tamagotchi,3285
2019-08-17,Tamagotchi,3943
2019-08-18,Tamagotchi,3431
2019-08-19,Tamagotchi,3618
2019-08-20,Tamagotchi,3153
2019-08-21,Tamagotchi,3404
2019-08-22,Tamagotchi,3449
2019-08-23,Tamagotchi,3067
2019-08-24,Tamagotchi,3471
2019-08-25,Tamagotchi,3575
2019-08-26,Tamagotchi,3163
2019-08-27,Tamagotchi,3558
2019-08-28,Tamagotchi,3791
2019-08-29,Tamagotchi,3237
2019-08-30,Tamagotchi,3216
2019-08-31,Tamagotchi,3119
2019-09-01,Tamagotchi,3025
2019-09-02,Tamagotchi,3269
2019-09-03,Tamagotchi,3090
2019-09-04,Tamagotchi,3121
2019-09-05,Tamagotchi,2981
2019-09-06,Tamagotchi,2763
2019-09-07,Tamagotchi,2934
2019-09-08,Tamagotchi,3331
2019-09-09,Tamagotchi,2864
2019-09-10,Tamagotchi,3023
2019-09-11,Tamagotchi,3802
2019-09-12,Tamagotchi,3612
2019-09-13,Tamagotchi,3011
2019-09-14,Tamagotchi,3429
2019-09-15,Tamagotchi,3026
2019-09-16,Tamagotchi,3801
2019-09-17,Tamagotchi,3047
2019-09-18,Tamagotchi,3258
2019-09-19,Tamagotchi,3712
2019-09-20,Tamagotchi,2976
2019-09-21,Tamagotchi,3685
2019-09-22,Tamagotchi,2981
2019-09-23,Tamagotchi,3314
2019-09-24,Tamagotchi,3142
2019-09-25,Tamagotchi,3209
2019-09-26,Tamagotchi,3290
2019-09-27,Tamagotchi,3215
2019-09-28,Tamagotchi,2926
2019-09-29,Tamagotchi,3534
2019-09-30,Tamagotchi,3483
2019-10-01,Tamagotchi,3688
2019-10-02,Tamagotchi,3724
2019-10-03,Tamagotchi,2836
2019-10-04,Tamagotchi,3689
2019-10-05,Tamagotchi,3695
2019-10-06,Tamagotchi,3078
2019-10-07,Tamagotchi,3602
2019-10-08,Tamagotchi,3761
2019-10-09,Tamagotchi,3078
2019-10-10,Tamagotchi,2831
2019-10-11,Tamagotchi,3135
2019-10-12,Tamagotchi,4298
2019-10-13,Tamagotchi,3329
2019-10-14,Tamagotchi,2880
2019-10-15,Tamagotchi,3172
2019-10-16,Tamagotchi,2946
2019-10-17,Tamagotchi,3127
2019-10-18,Tamagotchi,3287
2019-10-19,Tamagotchi,2520
2019-10-20,Tamagotchi,3377
2019-10-21,Tamagotchi,3753
2019-10-22,Tamagotchi,3195
2019-10-23,Tamagotchi,3137
2019-10-24,Tamagotchi,3637
2019-10-25,Tamagotchi,2873
2019-10-26,Tamagotchi,2880
2019-10-27,Tamagotchi,2839
2019-10-28,Tamagotchi,3213
2019-10-29,Tamagotchi,3396
2019-10-30,Tamagotchi,3236
2019-10-31,Tamagotchi,3451
2019-11-01,Tamagotchi,3550
2019-11-02,Tamagotchi,3434
2019-11-03,Tamagotchi,3014
2019-11-04,Tamagotchi,3183
2019-11-05,Tamagotchi,3705
2019-11-06,Tamagotchi,2946
2019-11-07,Tamagotchi,3190
2019-11-08,Tamagotchi,3139
2019-11-09,Tamagotchi,3215
2019-11-10,Tamagotchi,2940
2019-11-11,Tamagotchi,2861
2019-11-12,Tamagotchi,4230
2019-11-13,Tamagotchi,3601
2019-11-14,Tamagotchi,3052
2019-11-15,Tamagotchi,3259
2019-11-16,Tamagotchi,3508
2019-11-17,Tamagotchi,3169
2019-11-18,Tamagotchi,3489
2019-11-19,Tamagotchi,3085
2019-11-20,Tamagotchi,3166
2019-11-21,Tamagotchi,3255
2019-11-22,Tamagotchi,3137
2019-11-23,Tamagotchi,2570
2019-11-24,Tamagotchi,3292
2019-11-25,Tamagotchi,3373
2019-11-26,Tamagotchi,3447
2019-11-27,Tamagotchi,2976
2019-11-28,Tamagotchi,3403
2019-11-29,Tamagotchi,3361
2019-11-30,Tamagotchi,2756
2019-12-01,Tamagotchi,2640
2019-12-02,Tamagotchi,3452
2019-12-03,Tamagotchi,2993
2019-12-04,Tamagotchi,3640
2019-12-05,Tamagotchi,4080
2019-12-06,Tamagotchi,3108
2019-12-07,Tamagotchi,3076
2019-12-08,Tamagotchi,3292
2019-12-09,Tamagotchi,3527
2019-12-10,Tamagotchi,2944
2019-12-11,Tamagotchi,3736
2019-12-12,Tamagotchi,3643
2019-12-13,Tamagotchi,3526
2019-12-14,Tamagotchi,3128
2019-12-15,Tamagotchi,3619
2019-12-16,Tamagotchi,3598
2019-12-17,Tamagotchi,2930
2019-12-18,Tamagotchi,4073
2019-12-19,Tamagotchi,3207
2019-12-20,Tamagotchi,3430
2019-12-21,Tamagotchi,3138
2019-12-22,Tamagotchi,3437
2019-12-23,Tamagotchi,3715
2019-12-24,Tamagotchi,3052
2019-12-25,Tamagotchi,2805
2019-12-26,Tamagotchi,3165
2019-12-27,Tamagotchi,2906
2019-12-28,Tamagotchi,3070
2019-12-29,Tamagotchi,3271
2019-12-30,Tamagotchi,3293
2019-12-31,Tamagotchi,3771
2015-07-01,Furby,1355
2015-07-02,Furby,1553
2015-07-03,Furby,1425
2015-07-04,Furby,1718
2015-07-05,Furby,1929
2015-07-06,Furby,1544
2015-07-07,Furby,1771
2015-07-08,Furby,1420
2015-07-09,Furby,1276
2015-07-10,Furby,1318
2015-07-11,Furby,1278
2015-07-12,Furby,1360
2015-07-13,Furby,1460
2015-07-14,Furby,1678
2015-07-15,Furby,1604
2015-07-16,Furby,1566
2015-07-17,Furby,1433
2015-07-18,Furby,1390
2015-07-19,Furby,1499
2015-07-20,Furby,1515
2015-07-21,Furby,1532
2015-07-22,Furby,1550
2015-07-23,Furby,1475
2015-07-24,Furby,1231
2015-07-25,Furby,1335
2015-07-26,Furby,1374
2015-07-27,Furby,1768
2015-07-28,Furby,1429
2015-07-29,Furby,1595
2015-07-30,Furby,1726
2015-07-31,Furby,1541
2015-08-01,Furby,1433
2015-08-02,Furby,1447
2015-08-03,Furby,1345
2015-08-04,Furby,1536
2015-08-05,Furby,1667
2015-08-06,Furby,1576
2015-08-07,Furby,1608
2015-08-08,Furby,1599
2015-08-09,Furby,1818
2015-08-10,Furby,1396
2015-08-11,Furby,1511
2015-08-12,Furby,1596
2015-08-13,Furby,1684
2015-08-14,Furby,1166
2015-08-15,Furby,1410
2015-08-16,Furby,1455
2015-08-17,Furby,1340
2015-08-18,Furby,1616
2015-08-19,Furby,1518
2015-08-20,Furby,1427
2015-08-21,Furby,1260
2015-08-22,Furby,1300
2015-08-23,Furby,1344
2015-08-24,Furby,1552
2015-08-25,Furby,1313
2015-08-26,Furby,1205
2015-08-27,Furby,1282
2015-08-28,Furby,1397
2015-08-29,Furby,1752
2015-08-30,Furby,1903
2015-08-31,Furby,1412
2015-09-01,Furby,1628
2015-09-02,Furby,1703
2015-09-03,Furby,1683
2015-09-04,Furby,1463
2015-09-05,Furby,1299
2015-09-06,Furby,1409
2015-09-07,Furby,1228
2015-09-08,Furby,1515
2015-09-09,Furby,1598
2015-09-10,Furby,1223
2015-09-11,Furby,1470
2015-09-12,Furby,1521
2015-09-13,Furby,1674
2015-09-14,Furby,1695
2015-09-15,Furby,1600
2015-09-16,Furby,1378
2015-09-17,Furby,1423
2015-09-18,Furby,1665
2015-09-19,Furby,1389
2015-09-20,Furby,1469
2015-09-21,Furby,1724
2015-09-22,Furby,1494
2015-09-23,Furby,1285
2015-09-24,Furby,1431
2015-09-25,Furby,1571
2015-09-26,Furby,1446
2015-09-27,Furby,1655
2015-09-28,Furby,1674
2015-09-29,Furby,1380
2015-09-30,Furby,1400
2015-10-01,Furby,1457
2015-10-02,Furby,1305
2015-10-03,Furby,1528
2015-10-04,Furby,1445
2015-10-05,Furby,1591
2015-10-06,Furby,1385
2015-10-07,Furby,1346
2015-10-08,Furby,1766
2015-10-09,Furby,1346
2015-10-10,Furby,1386
2015-10-11,Furby,1365
2015-10-12,Furby,1425
2015-10-13,Furby,1340
2015-10-14,Furby,1461
2015-10-15,Furby,1368
2015-10-16,Furby,1407
2015-10-17,Furby,1521
2015-10-18,Furby,1573
2015-10-19,Furby,1537
2015-10-20,Furby,1362
2015-10-21,Furby,1525
2015-10-22,Furby,1448
2015-10-23,Furby,1450
2015-10-24,Furby,1233
2015-10-25,Furby,1566
2015-10-26,Furby,1444
2015-10-27,Furby,1737
2015-10-28,Furby,1561
2015-10-29,Furby,1309
2015-10-30,Furby,1276
2015-10-31,Furby,1641
2015-11-01,Furby,1340
2015-11-02,Furby,1566
2015-11-03,Furby,1419
2015-11-04,Furby,1804
2015-11-05,Furby,1473
2015-11-06,Furby,1700
2015-11-07,Furby,1669
2015-11-08,Furby,1395
2015-11-09,Furby,1413
2015-11-10,Furby,1694
2015-11-11,Furby,1461
2015-11-12,Furby,1339
2015-11-13,Furby,1647
2015-11-14,Furby,1889
2015-11-15,Furby,1455
2015-11-16,Furby,1680
2015-11-17,Furby,1438
2015-11-18,Furby,1673
2015-11-19,Furby,1427
2015-11-20,Furby,1670
2015-11-21,Furby,1543
2015-11-22,Furby,1435
2015-11-23,Furby,1497
2015-11-24,Furby,1385
2015-11-25,Furby,1306
2015-11-26,Furby,1315
2015-11-27,Furby,1454
2015-11-28,Furby,1315
2015-11-29,Furby,1528
2015-11-30,Furby,1542
2015-12-01,Furby,1533
2015-12-02,Furby,1391
2015-12-03,Furby,1470
2015-12-04,Furby,1458
2015-12-05,Furby,1669
2015-12-06,Furby,1348
2015-12-07,Furby,1406
2015-12-08,Furby,1427
2015-12-09,Furby,1440
2015-12-10,Furby,1355
2015-12-11,Furby,1371
2015-12-12,Furby,1617
2015-12-13,Furby,1370
2015-12-14,Furby,1600
2015-12-15,Furby,1789
2015-12-16,Furby,1658
2015-12-17,Furby,1218
2015-12-18,Furby,1576
2015-12-19,Furby,1530
2015-12-20,Furby,1540
2015-12-21,Furby,1239
2015-12-22,Furby,1573
2015-12-23,Furby,1307
2015-12-24,Furby,1658
2015-12-25,Furby,1621
2015-12-26,Furby,1879
2015-12-27,Furby,1400
2015-12-28,Furby,1249
2015-12-29,Furby,1616
2015-12-30,Furby,1587
2015-12-31,Furby,1399
2016-01-01,Furby,1666
2016-01-02,Furby,1557
2016-01-03,Furby,1277
2016-01-04,Furby,1402
2016-01-05,Furby,1389
2016-01-06,Furby,1436
2016-01-07,Furby,1480
2016-01-08,Furby,1354
2016-01-09,Furby,1422
2016-01-10,Furby,1539
2016-01-11,Furby,1440
2016-01-12,Furby,1411
2016-01-13,Furby,1406
2016-01-14,Furby,1435
2016-01-15,Furby,1196
2016-01-16,Furby,1472
2016-01-17,Furby,1307
2016-01-18,Furby,1463
2016-01-19,Furby,1249
2016-01-20,Furby,1587
2016-01-21,Furby,1482
2016-01-22,Furby,1264
2016-01-23,Furby,1481
2016-01-24,Furby,1340
2016-01-25,Furby,1731
2016-01-26,Furby,1518
2016-01-27,Furby,1335
2016-01-28,Furby,1478
2016-01-29,Furby,1440
2016-01-30,Furby,1629
2016-01-31,Furby,1497
2016-02-01,Furby,1520
2016-02-02,Furby,1291
2016-02-03,Furby,1563
2016-02-04,Furby,1780
2016-02-05,Furby,1538
2016-02-06,Furby,1437
2016-02-07,Furby,1467
2016-02-08,Furby,1311
2016-02-09,Furby,1469
2016-02-10,Furby,1292
2016-02-11,Furby,1448
2016-02-12,Furby,1387
2016-02-13,Furby,1326
2016-02-14,Furby,1527
2016-02-15,Furby,1241
2016-02-16,Furby,1435
2016-02-17,Furby,1261
2016-02-18,Furby,1729
2016-02-19,Furby,1754
2016-02-20,Furby,1566
2016-02-21,Furby,1740
2016-02-22,Furby,1527
2016-02-23,Furby,1519
2016-02-24,Furby,1378
2016-02-25,Furby,1314
2016-02-26,Furby,1456
2016-02-27,Furby,1362
2016-02-28,Furby,1375
2016-02-29,Furby,1545
2016-03-01,Furby,1418
2016-03-02,Furby,1228
2016-03-03,Furby,1404
2016-03-04,Furby,1329
2016-03-05,Furby,1393
2016-03-06,Furby,1285
2016-03-07,Furby,1617
2016-03-08,Furby,1734
2016-03-09,Furby,1282
2016-03-10,Furby,1529
2016-03-11,Furby,1521
2016-03-12,Furby,1286
2016-03-13,Furby,1446
2016-03-14,Furby,1649
2016-03-15,Furby,1558
2016-03-16,Furby,1682
2016-03-17,Furby,1272
2016-03-18,Furby,1327
2016-03-19,Furby,1472
2016-03-20,Furby,1481
2016-03-21,Furby,1432
2016-03-22,Furby,1374
2016-03-23,Furby,1370
2016-03-24,Furby,1343
2016-03-25,Furby,1493
2016-03-26,Furby,1082
2016-03-27,Furby,1674
2016-03-28,Furby,1352
2016-03-29,Furby,1235
2016-03-30,Furby,1505
2016-03-31,Furby,1238
2016-04-01,Furby,1480
2016-04-02,Furby,1367
2016-04-03,Furby,1510
2016-04-04,Furby,1540
2016-04-05,Furby,1619
2016-04-06,Furby,1353
2016-04-07,Furby,1381
2016-04-08,Furby,1419
2016-04-09,Furby,1233
2016-04-10,Furby,1507
2016-04-11,Furby,1438
2016-04-12,Furby,1241
2016-04-13,Furby,1602
2016-04-14,Furby,1626
2016-04-15,Furby,1243
2016-04-16,Furby,1501
2016-04-17,Furby,1606
2016-04-18,Furby,1541
2016-04-19,Furby,1284
2016-04-20,Furby,1232
2016-04-21,Furby,1400
2016-04-22,Furby,1347
2016-04-23,Furby,1414
2016-04-24,Furby,1400
2016-04-25,Furby,1491
2016-04-26,Furby,1337
2016-04-27,Furby,1391
2016-04-28,Furby,1902
2016-04-29,Furby,1395
2016-04-30,Furby,1520
2016-05-01,Furby,1453
2016-05-02,Furby,1443
2016-05-03,Furby,1288
2016-05-04,Furby,1487
2016-05-05,Furby,1403
2016-05-06,Furby,1530
2016-05-07,Furby,1731
2016-05-08,Furby,1436
2016-05-09,Furby,1521
2016-05-10,Furby,1272
2016-05-11,Furby,1425
2016-05-12,Furby,1644
2016-05-13,Furby,1399
2016-05-14,Furby,1321
2016-05-15,Furby,1436
2016-05-16,Furby,1381
2016-05-17,Furby,1373
2016-05-18,Furby,1355
2016-05-19,Furby,1715
2016-05-20,Furby,1288
2016-05-21,Furby,1348
2016-05-22,Furby,1327
2016-05-23,Furby,1590
2016-05-24,Furby,1366
2016-05-25,Furby,1600
2016-05-26,Furby,1427
2016-05-27,Furby,1400
2016-05-28,Furby,1212
2016-05-29,Furby,1583
2016-05-30,Furby,1480
2016-05-31,Furby,1460
2016-06-01,Furby,1385
2016-06-02,Furby,1344
2016-06-03,Furby,1234
2016-06-04,Furby,1540
2016-06-05,Furby,1439
2016-06-06,Furby,1351
2016-06-07,Furby,1314
2016-06-08,Furby,1416
2016-06-09,Furby,1387
2016-06-10,Furby,1649
2016-06-11,Furby,1511
2016-06-12,Furby,1317
2016-06-13,Furby,1252
2016-06-14,Furby,1365
2016-06-15,Furby,1276
2016-06-16,Furby,1408
2016-06-17,Furby,1455
2016-06-18,Furby,1489
2016-06-19,Furby,1456
2016-06-20,Furby,1370
2016-06-21,Furby,1483
2016-06-22,Furby,1277
2016-06-23,Furby,1385
2016-06-24,Furby,1514
2016-06-25,Furby,1436
2016-06-26,Furby,1228
2016-06-27,Furby,1243
2016-06-28,Furby,1186
2016-06-29,Furby,1670
2016-06-30,Furby,1194
2016-07-01,Furby,1375
2016-07-02,Furby,1675
2016-07-03,Furby,1552
2016-07-04,Furby,1589
2016-07-05,Furby,1325
2016-07-06,Furby,1500
2016-07-07,Furby,1888
2016-07-08,Furby,1387
2016-07-09,Furby,1451
2016-07-10,Furby,1348
2016-07-11,Furby,1390
2016-07-12,Furby,1444
2016-07-13,Furby,1598
2016-07-14,Furby,1271
2016-07-15,Furby,1205
2016-07-16,Furby,1394
2016-07-17,Furby,1419
2016-07-18,Furby,1600
2016-07-19,Furby,1493
2016-07-20,Furby,1305
2016-07-21,Furby,1470
2016-07-22,Furby,1552
2016-07-23,Furby,1428
2016-07-24,Furby,1341
2016-07-25,Furby,1485
2016-07-26,Furby,1339
2016-07-27,Furby,1151
2016-07-28,Furby,1584
2016-07-29,Furby,1218
2016-07-30,Furby,1340
2016-07-31,Furby,1342
2016-08-01,Furby,1339
2016-08-02,Furby,1346
2016-08-03,Furby,1199
2016-08-04,Furby,1459
2016-08-05,Furby,1387
2016-08-06,Furby,1389
2016-08-07,Furby,1539
2016-08-08,Furby,1543
2016-08-09,Furby,1580
2016-08-10,Furby,1663
2016-08-11,Furby,1445
2016-08-12,Furby,1184
2016-08-13,Furby,1410
2016-08-14,Furby,1382
2016-08-15,Furby,1390
2016-08-16,Furby,1299
2016-08-17,Furby,1262
2016-08-18,Furby,1494
2016-08-19,Furby,1519
2016-08-20,Furby,1233
2016-08-21,Furby,1455
2016-08-22,Furby,1355
2016-08-23,Furby,1325
2016-08-24,Furby,1475
2016-08-25,Furby,1370
2016-08-26,Furby,1302
2016-08-27,Furby,1384
2016-08-28,Furby,1127
2016-08-29,Furby,1296
2016-08-30,Furby,1316
2016-08-31,Furby,1195
2016-09-01,Furby,1399
2016-09-02,Furby,1411
2016-09-03,Furby,1293
2016-09-04,Furby,1350
2016-09-05,Furby,1468
2016-09-06,Furby,1525
2016-09-07,Furby,1271
2016-09-08,Furby,1418
2016-09-09,Furby,1520
2016-09-10,Furby,1366
2016-09-11,Furby,1268
2016-09-12,Furby,1268
2016-09-13,Furby,1325
2016-09-14,Furby,1234
2016-09-15,Furby,1673
2016-09-16,Furby,1292
2016-09-17,Furby,1420
2016-09-18,Furby,1392
2016-09-19,Furby,1456
2016-09-20,Furby,1314
2016-09-21,Furby,1199
2016-09-22,Furby,1608
2016-09-23,Furby,1354
2016-09-24,Furby,1380
2016-09-25,Furby,1392
2016-09-26,Furby,1547
2016-09-27,Furby,1472
2016-09-28,Furby,1533
2016-09-29,Furby,1480
2016-09-30,Furby,1384
2016-10-01,Furby,1397
2016-10-02,Furby,1264
2016-10-03,Furby,1122
2016-10-04,Furby,1329
2016-10-05,Furby,1223
2016-10-06,Furby,1763
2016-10-07,Furby,1590
2016-10-08,Furby,1529
2016-10-09,Furby,1287
2016-10-10,Furby,1671
2016-10-11,Furby,1146
2016-10-12,Furby,1204
2016-10-13,Furby,1257
2016-10-14,Furby,1234
2016-10-15,Furby,1376
2016-10-16,Furby,1384
2016-10-17,Furby,1643
2016-10-18,Furby,1500
2016-10-19,Furby,1533
2016-10-20,Furby,1415
2016-10-21,Furby,1336
2016-10-22,Furby,1266
2016-10-23,Furby,1166
2016-10-24,Furby,1242
2016-10-25,Furby,1304
2016-10-26,Furby,1462
2016-10-27,Furby,1144
2016-10-28,Furby,1181
2016-10-29,Furby,1384
2016-10-30,Furby,1219
2016-10-31,Furby,1399
2016-11-01,Furby,1298
2016-11-02,Furby,1255
2016-11-03,Furby,1184
2016-11-04,Furby,1339
2016-11-05,Furby,1257
2016-11-06,Furby,1271
2016-11-07,Furby,1268
2016-11-08,Furby,1376
2016-11-09,Furby,1371
2016-11-10,Furby,1137
2016-11-11,Furby,1328
2016-11-12,Furby,1404
2016-11-13,Furby,1497
2016-11-14,Furby,1459
2016-11-15,Furby,1377
2016-11-16,Furby,1203
2016-11-17,Furby,1248
2016-11-18,Furby,1477
2016-11-19,Furby,1256
2016-11-20,Furby,1493
2016-11-21,Furby,1530
2016-11-22,Furby,1211
2016-11-23,Furby,1407
2016-11-24,Furby,1331
2016-11-25,Furby,1648
2016-11-26,Furby,1463
2016-11-27,Furby,1278
2016-11-28,Furby,1401
2016-11-29,Furby,1226
2016-11-30,Furby,1324
2016-12-01,Furby,1372
2016-12-02,Furby,1364
2016-12-03,Furby,1385
2016-12-04,Furby,1226
2016-12-05,Furby,1115
2016-12-06,Furby,1294
2016-12-07,Furby,1227
2016-12-08,Furby,1251
2016-12-09,Furby,1661
2016-12-10,Furby,1507
2016-12-11,Furby,1318
2016-12-12,Furby,1161
2016-12-13,Furby,1177
2016-12-14,Furby,1389
2016-12-15,Furby,1491
2016-12-16,Furby,1301
2016-12-17,Furby,1357
2016-12-18,Furby,1373
2016-12-19,Furby,1489
2016-12-20,Furby,1109
2016-12-21,Furby,1359
2016-12-22,Furby,1393
2016-12-23,Furby,1471
2016-12-24,Furby,1391
2016-12-25,Furby,1197
2016-12-26,Furby,1261
2016-12-27,Furby,1147
2016-12-28,Furby,1362
2016-12-29,Furby,1361
2016-12-30,Furby,1405
2016-12-31,Furby,1211
2017-01-01,Furby,1191
2017-01-02,Furby,1554
2017-01-03,Furby,1358
2017-01-04,Furby,1588
2017-01-05,Furby,1393
2017-01-06,Furby,1152
2017-01-07,Furby,1445
2017-01-08,Furby,1508
2017-01-09,Furby,1273
2017-01-10,Furby,1099
2017-01-11,Furby,1423
2017-01-12,Furby,1313
2017-01-13,Furby,1368
2017-01-14,Furby,1017
2017-01-15,Furby,1393
2017-01-16,Furby,1010
2017-01-17,Furby,1219
2017-01-18,Furby,1453
2017-01-19,Furby,1107
2017-01-20,Furby,1103
2017-01-21,Furby,1270
2017-01-22,Furby,1566
2017-01-23,Furby,1561
2017-01-24,Furby,1249
2017-01-25,Furby,1467
2017-01-26,Furby,1406
2017-01-27,Furby,1362
2017-01-28,Furby,1374
2017-01-29,Furby,1233
2017-01-30,Furby,1436
2017-01-31,Furby,1474
2017-02-01,Furby,1736
2017-02-02,Furby,1452
2017-02-03,Furby,1036
2017-02-04,Furby,1174
2017-02-05,Furby,1368
2017-02-06,Furby,1332
2017-02-07,Furby,1098
2017-02-08,Furby,1304
2017-02-09,Furby,1276
2017-02-10,Furby,1315
2017-02-11,Furby,1305
2017-02-12,Furby,1449
2017-02-13,Furby,1529
2017-02-14,Furby,1414
2017-02-15,Furby,1182
2017-02-16,Furby,1211
2017-02-17,Furby,1235
2017-02-18,Furby,1312
2017-02-19,Furby,1264
2017-02-20,Furby,1274
2017-02-21,Furby,1202
2017-02-22,Furby,1450
2017-02-23,Furby,1435
2017-02-24,Furby,1450
2017-02-25,Furby,1307
2017-02-26,Furby,1378
2017-02-27,Furby,1202
2017-02-28,Furby,1190
2017-03-01,Furby,1247
2017-03-02,Furby,1395
2017-03-03,Furby,1296
2017-03-04,Furby,1173
2017-03-05,Furby,1327
2017-03-06,Furby,1372
2017-03-07,Furby,1336
2017-03-08,Furby,1230
2017-03-09,Furby,1323
2017-03-10,Furby,1260
2017-03-11,Furby,1271
2017-03-12,Furby,1302
2017-03-13,Furby,1416
2017-03-14,Furby,1576
2017-03-15,Furby,1534
2017-03-16,Furby,1397
2017-03-17,Furby,1260
2017-03-18,Furby,1272
2017-03-19,Furby,1277
2017-03-20,Furby,1471
2017-03-21,Furby,994
2017-03-22,Furby,1345
2017-03-23,Furby,1073
2017-03-24,Furby,1309
2017-03-25,Furby,1495
2017-03-26,Furby,1195
2017-03-27,Furby,1042
2017-03-28,Furby,1490
2017-03-29,Furby,1521
2017-03-30,Furby,1375
2017-03-31,Furby,1483
2017-04-01,Furby,1207
2017-04-02,Furby,1470
2017-04-03,Furby,1549
2017-04-04,Furby,1393
2017-04-05,Furby,1344
2017-04-06,Furby,1485
2017-04-07,Furby,1462
2017-04-08,Furby,1211
2017-04-09,Furby,1495
2017-04-10,Furby,1406
2017-04-11,Furby,1325
2017-04-12,Furby,1486
2017-04-13,Furby,1430
2017-04-14,Furby,1405
2017-04-15,Furby,1239
2017-04-16,Furby,1416
2017-04-17,Furby,1166
2017-04-18,Furby,1286
2017-04-19,Furby,1099
2017-04-20,Furby,1098
2017-04-21,Furby,1360
2017-04-22,Furby,1291
2017-04-23,Furby,1312
2017-04-24,Furby,1380
2017-04-25,Furby,1347
2017-04-26,Furby,1190
2017-04-27,Furby,1309
2017-04-28,Furby,1291
2017-04-29,Furby,1233
2017-04-30,Furby,1283
2017-05-01,Furby,1252
2017-05-02,Furby,1217
2017-05-03,Furby,1255
2017-05-04,Furby,1328
2017-05-05,Furby,1595
2017-05-06,Furby,1195
2017-05-07,Furby,1366
2017-05-08,Furby,1120
2017-05-09,Furby,1520
2017-05-10,Furby,1253
2017-05-11,Furby,1314
2017-05-12,Furby,1472
2017-05-13,Furby,1429
2017-05-14,Furby,1115
2017-05-15,Furby,1368
2017-05-16,Furby,1265
2017-05-17,Furby,1376
2017-05-18,Furby,1313
2017-05-19,Furby,1392
2017-05-20,Furby,1331
2017-05-21,Furby,1275
2017-05-22,Furby,1454
2017-05-23,Furby,1107
2017-05-24,Furby,1237
2017-05-25,Furby,1174
2017-05-26,Furby,1273
2017-05-27,Furby,1236
2017-05-28,Furby,1271
2017-05-29,Furby,1228
2017-05-30,Furby,1231
2017-05-31,Furby,1094
2017-06-01,Furby,1284
2017-06-02,Furby,1329
2017-06-03,Furby,1214
2017-06-04,Furby,1206
2017-06-05,Furby,1208
2017-06-06,Furby,1523
2017-06-07,Furby,1312
2017-06-08,Furby,1338
2017-06-09,Furby,1249
2017-06-10,Furby,1224
2017-06-11,Furby,1178
2017-06-12,Furby,1500
2017-06-13,Furby,1084
2017-06-14,Furby,1324
2017-06-15,Furby,1282
2017-06-16,Furby,1252
2017-06-17,Furby,1098
2017-06-18,Furby,1135
2017-06-19,Furby,1416
2017-06-20,Furby,1197
2017-06-21,Furby,1401
2017-06-22,Furby,1372
2017-06-23,Furby,1359
2017-06-24,Furby,1384
2017-06-25,Furby,1136
2017-06-26,Furby,1222
2017-06-27,Furby,1371
2017-06-28,Furby,1129
2017-06-29,Furby,1513
2017-06-30,Furby,1211
2017-07-01,Furby,1272
2017-07-02,Furby,1155
2017-07-03,Furby,1327
2017-07-04,Furby,1189
2017-07-05,Furby,1248
2017-07-06,Furby,1141
2017-07-07,Furby,1440
2017-07-08,Furby,1086
2017-07-09,Furby,1337
2017-07-10,Furby,1308
2017-07-11,Furby,1334
2017-07-12,Furby,1153
2017-07-13,Furby,1416
2017-07-14,Furby,1406
2017-07-15,Furby,1297
2017-07-16,Furby,1316
2017-07-17,Furby,1255
2017-07-18,Furby,1360
2017-07-19,Furby,1174
2017-07-20,Furby,1347
2017-07-21,Furby,1327
2017-07-22,Furby,1106
2017-07-23,Furby,980
2017-07-24,Furby,1258
2017-07-25,Furby,1253
2017-07-26,Furby,1438
2017-07-27,Furby,1280
2017-07-28,Furby,1210
2017-07-29,Furby,1110
2017-07-30,Furby,1260
2017-07-31,Furby,1199
2017-08-01,Furby,1138
2017-08-02,Furby,1255
2017-08-03,Furby,1412
2017-08-04,Furby,1282
2017-08-05,Furby,1143
2017-08-06,Furby,1312
2017-08-07,Furby,1137
2017-08-08,Furby,1084
2017-08-09,Furby,1333
2017-08-10,Furby,1200
2017-08-11,Furby,1417
2017-08-12,Furby,1308
2017-08-13,Furby,1169
2017-08-14,Furby,1295
2017-08-15,Furby,1442
2017-08-16,Furby,1243
2017-08-17,Furby,1139
2017-08-18,Furby,1185
2017-08-19,Furby,1167
2017-08-20,Furby,1124
2017-08-21,Furby,1111
2017-08-22,Furby,1319
2017-08-23,Furby,1413
2017-08-24,Furby,1219
2017-08-25,Furby,1367
2017-08-26,Furby,1384
2017-08-27,Furby,1495
2017-08-28,Furby,1239
2017-08-29,Furby,1219
2017-08-30,Furby,1317
2017-08-31,Furby,1274
2017-09-01,Furby,1300
2017-09-02,Furby,1436
2017-09-03,Furby,1208
2017-09-04,Furby,1288
2017-09-05,Furby,1143
2017-09-06,Furby,1240
2017-09-07,Furby,1178
2017-09-08,Furby,1168
2017-09-09,Furby,1232
2017-09-10,Furby,1204
2017-09-11,Furby,1306
2017-09-12,Furby,1364
2017-09-13,Furby,1084
2017-09-14,Furby,1390
2017-09-15,Furby,1006
2017-09-16,Furby,1289
2017-09-17,Furby,1349
2017-09-18,Furby,1177
2017-09-19,Furby,1228
2017-09-20,Furby,1161
2017-09-21,Furby,1373
2017-09-22,Furby,914
2017-09-23,Furby,1139
2017-09-24,Furby,1034
2017-09-25,Furby,1278
2017-09-26,Furby,1428
2017-09-27,Furby,1413
2017-09-28,Furby,1340
2017-09-29,Furby,1285
2017-09-30,Furby,1160
2017-10-01,Furby,1415
2017-10-02,Furby,1333
2017-10-03,Furby,1151
2017-10-04,Furby,1101
2017-10-05,Furby,1175
2017-10-06,Furby,1394
2017-10-07,Furby,1418
2017-10-08,Furby,1470
2017-10-09,Furby,1157
2017-10-10,Furby,1206
2017-10-11,Furby,1435
2017-10-12,Furby,1277
2017-10-13,Furby,1348
2017-10-14,Furby,1094
2017-10-15,Furby,1203
2017-10-16,Furby,1246
2017-10-17,Furby,1204
2017-10-18,Furby,1197
2017-10-19,Furby,1059
2017-10-20,Furby,1468
2017-10-21,Furby,1265
2017-10-22,Furby,1078
2017-10-23,Furby,1388
2017-10-24,Furby,1255
2017-10-25,Furby,1339
2017-10-26,Furby,1222
2017-10-27,Furby,1152
2017-10-28,Furby,1155
2017-10-29,Furby,1289
2017-10-30,Furby,1346
2017-10-31,Furby,1308
2017-11-01,Furby,1328
2017-11-02,Furby,1404
2017-11-03,Furby,1281
2017-11-04,Furby,1376
2017-11-05,Furby,1391
2017-11-06,Furby,1282
2017-11-07,Furby,1235
2017-11-08,Furby,1192
2017-11-09,Furby,1103
2017-11-10,Furby,1065
2017-11-11,Furby,1419
2017-11-12,Furby,1243
2017-11-13,Furby,1178
2017-11-14,Furby,1457
2017-11-15,Furby,1371
2017-11-16,Furby,1251
2017-11-17,Furby,1375
2017-11-18,Furby,1220
2017-11-19,Furby,1289
2017-11-20,Furby,1492
2017-11-21,Furby,1382
2017-11-22,Furby,1210
2017-11-23,Furby,1332
2017-11-24,Furby,1399
2017-11-25,Furby,1228
2017-11-26,Furby,1192
2017-11-27,Furby,1499
2017-11-28,Furby,1207
2017-11-29,Furby,1089
2017-11-30,Furby,1261
2017-12-01,Furby,1563
2017-12-02,Furby,1325
2017-12-03,Furby,1370
2017-12-04,Furby,1002
2017-12-05,Furby,1178
2017-12-06,Furby,1406
2017-12-07,Furby,1197
2017-12-08,Furby,1422
2017-12-09,Furby,1308
2017-12-10,Furby,1297
2017-12-11,Furby,1475
2017-12-12,Furby,1186
2017-12-13,Furby,1190
2017-12-14,Furby,1260
2017-12-15,Furby,1274
2017-12-16,Furby,1052
2017-12-17,Furby,8457
2017-12-18,Furby,1275
2017-12-19,Furby,1225
2017-12-20,Furby,1325
2017-12-21,Furby,1197
2017-12-22,Furby,1405
2017-12-23,Furby,1253
2017-12-24,Furby,1337
2017-12-25,Furby,1138
2017-12-26,Furby,1210
2017-12-27,Furby,1290
2017-12-28,Furby,1131
2017-12-29,Furby,1163
2017-12-30,Furby,1235
2017-12-31,Furby,1388
2018-01-01,Furby,1339
2018-01-02,Furby,1358
2018-01-03,Furby,1279
2018-01-04,Furby,1357
2018-01-05,Furby,1446
2018-01-06,Furby,1260
2018-01-07,Furby,1294
2018-01-08,Furby,1313
2018-01-09,Furby,1013
2018-01-10,Furby,1225
2018-01-11,Furby,1290
2018-01-12,Furby,1334
2018-01-13,Furby,1197
2018-01-14,Furby,1363
2018-01-15,Furby,1159
2018-01-16,Furby,1214
2018-01-17,Furby,1461
2018-01-18,Furby,1078
2018-01-19,Furby,1224
2018-01-20,Furby,1215
2018-01-21,Furby,1221
2018-01-22,Furby,1168
2018-01-23,Furby,1314
2018-01-24,Furby,1106
2018-01-25,Furby,1078
2018-01-26,Furby,1290
2018-01-27,Furby,1091
2018-01-28,Furby,1275
2018-01-29,Furby,1231
2018-01-30,Furby,1146
2018-01-31,Furby,1185
2018-02-01,Furby,1214
2018-02-02,Furby,1282
2018-02-03,Furby,1150
2018-02-04,Furby,1199
2018-02-05,Furby,1061
2018-02-06,Furby,1190
2018-02-07,Furby,1009
2018-02-08,Furby,1217
2018-02-09,Furby,1167
2018-02-10,Furby,1505
2018-02-11,Furby,1388
2018-02-12,Furby,1202
2018-02-13,Furby,1340
2018-02-14,Furby,1254
2018-02-15,Furby,1086
2018-02-16,Furby,955
2018-02-17,Furby,1360
2018-02-18,Furby,1265
2018-02-19,Furby,1000
2018-02-20,Furby,1295
2018-02-21,Furby,1331
2018-02-22,Furby,1134
2018-02-23,Furby,1314
2018-02-24,Furby,1022
2018-02-25,Furby,1187
2018-02-26,Furby,1217
2018-02-27,Furby,1311
2018-02-28,Furby,1261
2018-03-01,Furby,1239
2018-03-02,Furby,1280
2018-03-03,Furby,1134
2018-03-04,Furby,1403
2018-03-05,Furby,1169
2018-03-06,Furby,1309
2018-03-07,Furby,1209
2018-03-08,Furby,1179
2018-03-09,Furby,1281
2018-03-10,Furby,1263
2018-03-11,Furby,1381
2018-03-12,Furby,1344
2018-03-13,Furby,1140
2018-03-14,Furby,1269
2018-03-15,Furby,1219
2018-03-16,Furby,1114
2018-03-17,Furby,1080
2018-03-18,Furby,1237
2018-03-19,Furby,1142
2018-03-20,Furby,1049
2018-03-21,Furby,1193
2018-03-22,Furby,1231
2018-03-23,Furby,1216
2018-03-24,Furby,1067
2018-03-25,Furby,1135
2018-03-26,Furby,1379
2018-03-27,Furby,1113
2018-03-28,Furby,1163
2018-03-29,Furby,1513
2018-03-30,Furby,1244
2018-03-31,Furby,1142
2018-04-01,Furby,988
2018-04-02,Furby,1238
2018-04-03,Furby,1044
2018-04-04,Furby,1196
2018-04-05,Furby,1099
2018-04-06,Furby,1014
2018-04-07,Furby,1413
2018-04-08,Furby,1185
2018-04-09,Furby,1312
2018-04-10,Furby,1288
2018-04-11,Furby,1112
2018-04-12,Furby,1207
2018-04-13,Furby,1154
2018-04-14,Furby,1316
2018-04-15,Furby,1247
2018-04-16,Furby,1153
2018-04-17,Furby,1409
2018-04-18,Furby,1257
2018-04-19,Furby,1250
2018-04-20,Furby,1103
2018-04-21,Furby,1242
2018-04-22,Furby,1030
2018-04-23,Furby,1248
2018-04-24,Furby,1085
2018-04-25,Furby,1213
2018-04-26,Furby,1158
2018-04-27,Furby,1218
2018-04-28,Furby,1234
2018-04-29,Furby,1183
2018-04-30,Furby,1183
2018-05-01,Furby,1025
2018-05-02,Furby,983
2018-05-03,Furby,1348
2018-05-04,Furby,1258
2018-05-05,Furby,1024
2018-05-06,Furby,1437
2018-05-07,Furby,1105
2018-05-08,Furby,1249
2018-05-09,Furby,1238
2018-05-10,Furby,1199
2018-05-11,Furby,1260
2018-05-12,Furby,1033
2018-05-13,Furby,1181
2018-05-14,Furby,1155
2018-05-15,Furby,1195
2018-05-16,Furby,1152
2018-05-17,Furby,1111
2018-05-18,Furby,1100
2018-05-19,Furby,1293
2018-05-20,Furby,1087
2018-05-21,Furby,1227
2018-05-22,Furby,1225
2018-05-23,Furby,1171
2018-05-24,Furby,1233
2018-05-25,Furby,1248
2018-05-26,Furby,1120
2018-05-27,Furby,1222
2018-05-28,Furby,1429
2018-05-29,Furby,1061
2018-05-30,Furby,1145
2018-05-31,Furby,1093
2018-06-01,Furby,1439
2018-06-02,Furby,1025
2018-06-03,Furby,1180
2018-06-04,Furby,1294
2018-06-05,Furby,1080
2018-06-06,Furby,1162
2018-06-07,Furby,1097
2018-06-08,Furby,1030
2018-06-09,Furby,1169
2018-06-10,Furby,1237
2018-06-11,Furby,1131
2018-06-12,Furby,1196
2018-06-13,Furby,1259
2018-06-14,Furby,1325
2018-06-15,Furby,1039
2018-06-16,Furby,1249
2018-06-17,Furby,1104
2018-06-18,Furby,973
2018-06-19,Furby,1086
2018-06-20,Furby,1252
2018-06-21,Furby,1210
2018-06-22,Furby,1051
2018-06-23,Furby,1377
2018-06-24,Furby,1221
2018-06-25,Furby,1164
2018-06-26,Furby,1110
2018-06-27,Furby,1222
2018-06-28,Furby,1127
2018-06-29,Furby,1312
2018-06-30,Furby,1208
2018-07-01,Furby,1245
2018-07-02,Furby,1135
2018-07-03,Furby,1010
2018-07-04,Furby,1233
2018-07-05,Furby,1057
2018-07-06,Furby,1157
2018-07-07,Furby,1167
2018-07-08,Furby,1081
2018-07-09,Furby,1277
2018-07-10,Furby,1013
2018-07-11,Furby,1355
2018-07-12,Furby,1101
2018-07-13,Furby,1285
2018-07-14,Furby,1327
2018-07-15,Furby,1070
2018-07-16,Furby,1084
2018-07-17,Furby,1280
2018-07-18,Furby,1187
2018-07-19,Furby,1175
2018-07-20,Furby,971
2018-07-21,Furby,989
2018-07-22,Furby,1228
2018-07-23,Furby,1343
2018-07-24,Furby,1084
2018-07-25,Furby,1067
2018-07-26,Furby,1188
2018-07-27,Furby,1218
2018-07-28,Furby,1230
2018-07-29,Furby,1112
2018-07-30,Furby,957
2018-07-31,Furby,1343
2018-08-01,Furby,1105
2018-08-02,Furby,1316
2018-08-03,Furby,952
2018-08-04,Furby,1204
2018-08-05,Furby,1104
2018-08-06,Furby,1041
2018-08-07,Furby,1277
2018-08-08,Furby,1318
2018-08-09,Furby,1093
2018-08-10,Furby,1236
2018-08-11,Furby,1041
2018-08-12,Furby,1089
2018-08-13,Furby,1130
2018-08-14,Furby,1118
2018-08-15,Furby,1233
2018-08-16,Furby,1026
2018-08-17,Furby,1273
2018-08-18,Furby,1273
2018-08-19,Furby,1131
2018-08-20,Furby,1027
2018-08-21,Furby,912
2018-08-22,Furby,1148
2018-08-23,Furby,1076
2018-08-24,Furby,1166
2018-08-25,Furby,1039
2018-08-26,Furby,1154
2018-08-27,Furby,1147
2018-08-28,Furby,1155
2018-08-29,Furby,1186
2018-08-30,Furby,1187
2018-08-31,Furby,1269
2018-09-01,Furby,1066
2018-09-02,Furby,1237
2018-09-03,Furby,1170
2018-09-04,Furby,1105
2018-09-05,Furby,1043
2018-09-06,Furby,1330
2018-09-07,Furby,1178
2018-09-08,Furby,1093
2018-09-09,Furby,1158
2018-09-10,Furby,1150
2018-09-11,Furby,1091
2018-09-12,Furby,1002
2018-09-13,Furby,1166
2018-09-14,Furby,1130
2018-09-15,Furby,1117
2018-09-16,Furby,1265
2018-09-17,Furby,1008
2018-09-18,Furby,1044
2018-09-19,Furby,1165
2018-09-20,Furby,1245
2018-09-21,Furby,1218
2018-09-22,Furby,1232
2018-09-23,Furby,922
2018-09-24,Furby,1203
2018-09-25,Furby,1194
2018-09-26,Furby,1225
2018-09-27,Furby,1070
2018-09-28,Furby,1204
2018-09-29,Furby,1264
2018-09-30,Furby,1341
2018-10-01,Furby,1173
2018-10-02,Furby,1003
2018-10-03,Furby,1149
2018-10-04,Furby,1218
2018-10-05,Furby,1202
2018-10-06,Furby,1380
2018-10-07,Furby,1120
2018-10-08,Furby,1033
2018-10-09,Furby,1072
2018-10-10,Furby,1218
2018-10-11,Furby,1054
2018-10-12,Furby,1029
2018-10-13,Furby,1050
2018-10-14,Furby,1285
2018-10-15,Furby,1167
2018-10-16,Furby,1102
2018-10-17,Furby,1239
2018-10-18,Furby,1219
2018-10-19,Furby,1034
2018-10-20,Furby,1236
2018-10-21,Furby,1166
2018-10-22,Furby,928
2018-10-23,Furby,1012
2018-10-24,Furby,1167
2018-10-25,Furby,1193
2018-10-26,Furby,1105
2018-10-27,Furby,1030
2018-10-28,Furby,1165
2018-10-29,Furby,948
2018-10-30,Furby,1200
2018-10-31,Furby,1119
2018-11-01,Furby,1132
2018-11-02,Furby,1064
2018-11-03,Furby,1232
2018-11-04,Furby,901
2018-11-05,Furby,1041
2018-11-06,Furby,1201
2018-11-07,Furby,1058
2018-11-08,Furby,1310
2018-11-09,Furby,1182
2018-11-10,Furby,1051
2018-11-11,Furby,1264
2018-11-12,Furby,1123
2018-11-13,Furby,1200
2018-11-14,Furby,1066
2018-11-15,Furby,1068
2018-11-16,Furby,1215
2018-11-17,Furby,1144
2018-11-18,Furby,1051
2018-11-19,Furby,1038
2018-11-20,Furby,1207
2018-11-21,Furby,1347
2018-11-22,Furby,1042
2018-11-23,Furby,1210
2018-11-24,Furby,849
2018-11-25,Furby,986
2018-11-26,Furby,1209
2018-11-27,Furby,1323
2018-11-28,Furby,1138
2018-11-29,Furby,1193
2018-11-30,Furby,1160
2018-12-01,Furby,1249
2018-12-02,Furby,1015
2018-12-03,Furby,1203
2018-12-04,Furby,1082
2018-12-05,Furby,1092
2018-12-06,Furby,1128
2018-12-07,Furby,1106
2018-12-08,Furby,1046
2018-12-09,Furby,1100
2018-12-10,Furby,1027
2018-12-11,Furby,1305
2018-12-12,Furby,1208
2018-12-13,Furby,1082
2018-12-14,Furby,1318
2018-12-15,Furby,1279
2018-12-16,Furby,1182
2018-12-17,Furby,1068
2018-12-18,Furby,1155
2018-12-19,Furby,1191
2018-12-20,Furby,1291
2018-12-21,Furby,1105
2018-12-22,Furby,1063
2018-12-23,Furby,1410
2018-12-24,Furby,1289
2018-12-25,Furby,1159
2018-12-26,Furby,1026
2018-12-27,Furby,1178
2018-12-28,Furby,1254
2018-12-29,Furby,1209
2018-12-30,Furby,1217
2018-12-31,Furby,1127
2019-01-01,Furby,1255
2019-01-02,Furby,1056
2019-01-03,Furby,1073
2019-01-04,Furby,1066
2019-01-05,Furby,1051
2019-01-06,Furby,1358
2019-01-07,Furby,947
2019-01-08,Furby,1145
2019-01-09,Furby,1015
2019-01-10,Furby,989
2019-01-11,Furby,1129
2019-01-12,Furby,957
2019-01-13,Furby,1107
2019-01-14,Furby,1401
2019-01-15,Furby,1104
2019-01-16,Furby,1168
2019-01-17,Furby,1026
2019-01-18,Furby,1170
2019-01-19,Furby,962
2019-01-20,Furby,1136
2019-01-21,Furby,1100
2019-01-22,Furby,1380
2019-01-23,Furby,1103
2019-01-24,Furby,1073
2019-01-25,Furby,1051
2019-01-26,Furby,986
2019-01-27,Furby,1199
2019-01-28,Furby,1282
2019-01-29,Furby,1069
2019-01-30,Furby,1190
2019-01-31,Furby,1070
2019-02-01,Furby,1154
2019-02-02,Furby,1160
2019-02-03,Furby,961
2019-02-04,Furby,1025
2019-02-05,Furby,1215
2019-02-06,Furby,915
2019-02-07,Furby,1107
2019-02-08,Furby,1068
2019-02-09,Furby,1008
2019-02-10,Furby,1110
2019-02-11,Furby,1139
2019-02-12,Furby,1165
2019-02-13,Furby,849
2019-02-14,Furby,1305
2019-02-15,Furby,1052
2019-02-16,Furby,1224
2019-02-17,Furby,1089
2019-02-18,Furby,1040
2019-02-19,Furby,1095
2019-02-20,Furby,1511
2019-02-21,Furby,1287
2019-02-22,Furby,1063
2019-02-23,Furby,1126
2019-02-24,Furby,1231
2019-02-25,Furby,1165
2019-02-26,Furby,1109
2019-02-27,Furby,1079
2019-02-28,Furby,987
2019-03-01,Furby,1184
2019-03-02,Furby,1226
2019-03-03,Furby,1372
2019-03-04,Furby,1039
2019-03-05,Furby,1171
2019-03-06,Furby,1093
2019-03-07,Furby,1243
2019-03-08,Furby,1085
2019-03-09,Furby,1027
2019-03-10,Furby,925
2019-03-11,Furby,1176
2019-03-12,Furby,1113
2019-03-13,Furby,1225
2019-03-14,Furby,1036
2019-03-15,Furby,1418
2019-03-16,Furby,1019
2019-03-17,Furby,1151
2019-03-18,Furby,1139
2019-03-19,Furby,1220
2019-03-20,Furby,1075
2019-03-21,Furby,996
2019-03-22,Furby,989
2019-03-23,Furby,1184
2019-03-24,Furby,1103
2019-03-25,Furby,1129
2019-03-26,Furby,1005
2019-03-27,Furby,1106
2019-03-28,Furby,1114
2019-03-29,Furby,1159
2019-03-30,Furby,941
2019-03-31,Furby,1008
2019-04-01,Furby,1294
2019-04-02,Furby,1046
2019-04-03,Furby,1079
2019-04-04,Furby,1045
2019-04-05,Furby,936
2019-04-06,Furby,976
2019-04-07,Furby,1128
2019-04-08,Furby,1016
2019-04-09,Furby,1330
2019-04-10,Furby,935
2019-04-11,Furby,894
2019-04-12,Furby,1043
2019-04-13,Furby,961
2019-04-14,Furby,1245
2019-04-15,Furby,1039
2019-04-16,Furby,1141
2019-04-17,Furby,940
2019-04-18,Furby,1157
2019-04-19,Furby,1154
2019-04-20,Furby,1225
2019-04-21,Furby,1106
2019-04-22,Furby,1139
2019-04-23,Furby,1099
2019-04-24,Furby,1185
2019-04-25,Furby,1037
2019-04-26,Furby,1141
2019-04-27,Furby,1020
2019-04-28,Furby,1158
2019-04-29,Furby,1050
2019-04-30,Furby,1011
2019-05-01,Furby,1008
2019-05-02,Furby,1249
2019-05-03,Furby,922
2019-05-04,Furby,929
2019-05-05,Furby,1148
2019-05-06,Furby,975
2019-05-07,Furby,1028
2019-05-08,Furby,1024
2019-05-09,Furby,1352
2019-05-10,Furby,1006
2019-05-11,Furby,1000
2019-05-12,Furby,1034
2019-05-13,Furby,1100
2019-05-14,Furby,1130
2019-05-15,Furby,927
2019-05-16,Furby,1123
2019-05-17,Furby,1306
2019-05-18,Furby,898
2019-05-19,Furby,1137
2019-05-20,Furby,1159
2019-05-21,Furby,1090
2019-05-22,Furby,1052
2019-05-23,Furby,847
2019-05-24,Furby,1209
2019-05-25,Furby,1037
2019-05-26,Furby,1050
2019-05-27,Furby,1211
2019-05-28,Furby,847
2019-05-29,Furby,1063
2019-05-30,Furby,1136
2019-05-31,Furby,1150
2019-06-01,Furby,1137
2019-06-02,Furby,1311
2019-06-03,Furby,1100
2019-06-04,Furby,1183
2019-06-05,Furby,1154
2019-06-06,Furby,921
2019-06-07,Furby,989
2019-06-08,Furby,1315
2019-06-09,Furby,1039
2019-06-10,Furby,1060
2019-06-11,Furby,935
2019-06-12,Furby,1031
2019-06-13,Furby,935
2019-06-14,Furby,1003
2019-06-15,Furby,1127
2019-06-16,Furby,981
2019-06-17,Furby,1002
2019-06-18,Furby,1218
2019-06-19,Furby,1116
2019-06-20,Furby,1121
2019-06-21,Furby,1175
2019-06-22,Furby,1007
2019-06-23,Furby,1023
2019-06-24,Furby,865
2019-06-25,Furby,1144
2019-06-26,Furby,1041
2019-06-27,Furby,1062
2019-06-28,Furby,952
2019-06-29,Furby,1130
2019-06-30,Furby,1130
2019-07-01,Furby,1081
2019-07-02,Furby,905
2019-07-03,Furby,975
2019-07-04,Furby,1057
2019-07-05,Furby,975
2019-07-06,Furby,1101
2019-07-07,Furby,1172
2019-07-08,Furby,982
2019-07-09,Furby,1040
2019-07-10,Furby,988
2019-07-11,Furby,1173
2019-07-12,Furby,1157
2019-07-13,Furby,1380
2019-07-14,Furby,1058
2019-07-15,Furby,963
2019-07-16,Furby,1101
2019-07-17,Furby,1032
2019-07-18,Furby,1076
2019-07-19,Furby,1196
2019-07-20,Furby,1026
2019-07-21,Furby,1134
2019-07-22,Furby,854
2019-07-23,Furby,1172
2019-07-24,Furby,1069
2019-07-25,Furby,1029
2019-07-26,Furby,1002
2019-07-27,Furby,1214
2019-07-28,Furby,1001
2019-07-29,Furby,1196
2019-07-30,Furby,1001
2019-07-31,Furby,1058
2019-08-01,Furby,1091
2019-08-02,Furby,1289
2019-08-03,Furby,1079
2019-08-04,Furby,1077
2019-08-05,Furby,1045
2019-08-06,Furby,1020
2019-08-07,Furby,989
2019-08-08,Furby,1259
2019-08-09,Furby,1217
2019-08-10,Furby,981
2019-08-11,Furby,1067
2019-08-12,Furby,933
2019-08-13,Furby,1153
2019-08-14,Furby,1124
2019-08-15,Furby,1061
2019-08-16,Furby,968
2019-08-17,Furby,1132
2019-08-18,Furby,1115
2019-08-19,Furby,1029
2019-08-20,Furby,1128
2019-08-21,Furby,916
2019-08-22,Furby,986
2019-08-23,Furby,952
2019-08-24,Furby,1059
2019-08-25,Furby,1236
2019-08-26,Furby,1051
2019-08-27,Furby,1172
2019-08-28,Furby,1042
2019-08-29,Furby,1003
2019-08-30,Furby,1156
2019-08-31,Furby,1102
2019-09-01,Furby,1203
2019-09-02,Furby,1150
2019-09-03,Furby,962
2019-09-04,Furby,808
2019-09-05,Furby,1057
2019-09-06,Furby,926
2019-09-07,Furby,905
2019-09-08,Furby,898
2019-09-09,Furby,976
2019-09-10,Furby,1020
2019-09-11,Furby,1041
2019-09-12,Furby,1276
2019-09-13,Furby,921
2019-09-14,Furby,1038
2019-09-15,Furby,918
2019-09-16,Furby,940
2019-09-17,Furby,1045
2019-09-18,Furby,1083
2019-09-19,Furby,913
2019-09-20,Furby,1163
2019-09-21,Furby,945
2019-09-22,Furby,1141
2019-09-23,Furby,1031
2019-09-24,Furby,1135
2019-09-25,Furby,1096
2019-09-26,Furby,1006
2019-09-27,Furby,1086
2019-09-28,Furby,905
2019-09-29,Furby,908
2019-09-30,Furby,998
2019-10-01,Furby,1186
2019-10-02,Furby,959
2019-10-03,Furby,973
2019-10-04,Furby,1220
2019-10-05,Furby,1037
2019-10-06,Furby,1032
2019-10-07,Furby,929
2019-10-08,Furby,1038
2019-10-09,Furby,1095
2019-10-10,Furby,1025
2019-10-11,Furby,1113
2019-10-12,Furby,1065
2019-10-13,Furby,1144
2019-10-14,Furby,1119
2019-10-15,Furby,1016
2019-10-16,Furby,1123
2019-10-17,Furby,1233
2019-10-18,Furby,1060
2019-10-19,Furby,910
2019-10-20,Furby,1048
2019-10-21,Furby,1008
2019-10-22,Furby,1332
2019-10-23,Furby,1108
2019-10-24,Furby,919
2019-10-25,Furby,1007
2019-10-26,Furby,1188
2019-10-27,Furby,913
2019-10-28,Furby,976
2019-10-29,Furby,1025
2019-10-30,Furby,1009
2019-10-31,Furby,965
2019-11-01,Furby,1037
2019-11-02,Furby,889
2019-11-03,Furby,965
2019-11-04,Furby,963
2019-11-05,Furby,992
2019-11-06,Furby,992
2019-11-07,Furby,1021
2019-11-08,Furby,986
2019-11-09,Furby,979
2019-11-10,Furby,1058
2019-11-11,Furby,1116
2019-11-12,Furby,1122
2019-11-13,Furby,908
2019-11-14,Furby,1044
2019-11-15,Furby,1097
2019-11-16,Furby,991
2019-11-17,Furby,1066
2019-11-18,Furby,995
2019-11-19,Furby,1056
2019-11-20,Furby,873
2019-11-21,Furby,1064
2019-11-22,Furby,968
2019-11-23,Furby,943
2019-11-24,Furby,985
2019-11-25,Furby,1120
2019-11-26,Furby,1115
2019-11-27,Furby,1040
2019-11-28,Furby,1105
2019-11-29,Furby,973
2019-11-30,Furby,895
2019-12-01,Furby,840
2019-12-02,Furby,1009
2019-12-03,Furby,997
2019-12-04,Furby,1015
2019-12-05,Furby,1018
2019-12-06,Furby,1142
2019-12-07,Furby,922
2019-12-08,Furby,935
2019-12-09,Furby,1224
2019-12-10,Furby,1091
2019-12-11,Furby,980
2019-12-12,Furby,823
2019-12-13,Furby,927
2019-12-14,Furby,973
2019-12-15,Furby,1000
2019-12-16,Furby,1027
2019-12-17,Furby,985
2019-12-18,Furby,1130
2019-12-19,Furby,894
2019-12-20,Furby,978
2019-12-21,Furby,940
2019-12-22,Furby,1087
2019-12-23,Furby,1023
2019-12-24,Furby,1087
2019-12-25,Furby,1012
2019-12-26,Furby,1462
2019-12-27,Furby,1079
2019-12-28,Furby,931
2019-12-29,Furby,1003
2019-12-30,Furby,964
2019-12-31,Furby,1082
